candidate_id,group_id,artifact_id,version,jdk_version,maven_version,module_path,artifact_selector,git_revision,profile_status,notes
RCM-00029,ch.galinet,reproducible-build-maven-plugin,0.17.0,8,mvn,.,main,v${version},READY,
RCM-00045,ch.qos.logback.db,logback-parent-db,1.2.11.1,8,mvn,logback-core-db,main,v_${version},READY,
RCM-00141,ch.vorburger.mariaDB4j,mariaDB4j,3.3.1,21,mvn-3.9.5,mariaDB4j,main,${artifactId}-${version},READY,
RCM-01073,com.github.hazendaz.maven,directory-maven-plugin,1.1.2,21,mvn-3.9.6,.,main,${artifactId}-${version},READY,
RCM-01281,com.github.package-url,packageurl-java,1.4.1,8,mvn,.,main,${artifactId}-${version},READY,
RCM-01341,com.github.seregamorph,maven-turbo-builder,1.0,17,mvn,.,main,v${version},READY,
RCM-01378,com.github.spotbugs,spotbugs-maven-plugin,4.7.3.3,17,mvn-3.8.6,.,main,${artifactId}-${version},READY,
RCM-01420,com.github.veithen.cosmos,cosmos,0.5.0,11,mvn,cosmos-osgi-runtime,main,${version},READY,
RCM-01434,com.github.veithen.maven,eclipse-settings-maven-plugin,0.3.0,11,mvn,.,main,${version},READY,
RCM-02543,eu.europa.ec.joinup.sat,jwsacruncher,2.2.5,21,mvn,.,main,v${version},READY,
RCM-02631,eu.maveniverse.maven.checksum,checksum,0.1.0,21,mvn-3.9.12,plugin3,main,release-${version},READY,
RCM-02653,eu.maveniverse.maven.heimdall,heimdall,0.1.2,21,mvn-3.9.9,core,main,release-${version},READY,
RCM-02733,eu.maveniverse.maven.mima,mima,2.4.45,21,mvn-3.9.14,context,main,release-${version},READY,
RCM-03010,eu.maveniverse.maven.toolrunner,toolrunner,0.2.0,21,mvn-3.9.12,toolrunner,main,release-${version},READY,
RCM-04368,io.dropwizard.metrics.okhttp,metrics-okhttp-parent,0.5.0-rc.1,21,mvn-3.9.6,metrics-okhttp,main,v0.5.0-rc1,READY,
RCM-04493,io.github.albertus82,unexepack,0.1.1,17,mvn,.,main,v${version},READY,
RCM-04656,io.github.jmkeyes,curator-kubernetes-ensemble-provider,0.3.1,17,mvn-3.9.9,.,main,${version},READY,
RCM-05001,io.micronaut.build,micronaut-maven-plugin,3.4.0-RC1,8,mvn,.,main,v${version},READY,
RCM-05634,io.wcm.maven.plugins,nodejs-maven-plugin,3.0.6,11,mvn,.,main,${version},READY,
RCM-05727,it.mulders.clocky,clocky,0.4.16,11,mvn-3.9.15,.,main,v${version},READY,
RCM-05876,net.osslabz,bitcoin-commons,0.2.0,21,mvn,.,main,${version},READY,
RCM-06402,org.apache.aries.jax.rs,org.apache.aries.jax.rs,2.0.2,11,mvn-3.8.5,jax-rs.example,main,${artifactId}-${version},READY,
RCM-06669,org.apache.cxf.xjc-utils,xjc-utils,3.3.4,11,mvn-3.9.3,cxf-xjc-plugin,main,${artifactId}-${version},READY,
RCM-06957,org.apache.karaf,decanter,2.9.0,8,mvn,manual,main,${artifactId}-${version},READY,
RCM-07031,org.apache.maven.archetype,maven-archetype,3.2.0,8,mvn,maven-archetype-plugin,main,${artifactId}-${version},READY,
RCM-07075,org.apache.maven.doxia,doxia-sitetools,2.0.0-M8,8,mvn,doxia-site-model,main,${artifactId}-${version},READY,
RCM-07084,org.apache.maven.enforcer,enforcer,3.6.0,21,mvn-3.9.9,enforcer-rules,main,${artifactId}-${version},READY,
RCM-07196,org.apache.maven.plugins,maven-artifact-plugin,3.6.0,11,mvn,.,main,${artifactId}-${version},READY,
RCM-07203,org.apache.maven.plugins,maven-assembly-plugin,3.6.0,17,mvn,.,main,${artifactId}-${version},READY,
RCM-07217,org.apache.maven.plugins,maven-checkstyle-plugin,3.3.0,8,mvn,.,main,${artifactId}-${version},READY,
RCM-07254,org.apache.maven.plugins,maven-dependency-plugin,3.7.1,21,mvn,.,main,${artifactId}-${version},READY,
RCM-07268,org.apache.maven.plugins,maven-docck-plugin,1.2,8,mvn,.,main,${artifactId}-${version},READY,
RCM-07273,org.apache.maven.plugins,maven-ejb-plugin,3.1.0,8,mvn,.,main,${artifactId}-${version},READY,
RCM-07309,org.apache.maven.plugins,maven-invoker-plugin,3.6.0,8,mvn,.,main,${artifactId}-${version},READY,
RCM-07348,org.apache.maven.plugins,maven-jlink-plugin,3.2.0,21,mvn,.,main,${artifactId}-${version},READY,
RCM-07351,org.apache.maven.plugins,maven-patch-plugin,1.3,21,mvn,.,main,${artifactId}-${version},READY,
RCM-07392,org.apache.maven.plugins,maven-rar-plugin,3.1.0,21,mvn,.,main,${artifactId}-${version},READY,
RCM-07408,org.apache.maven.plugins,maven-remote-resources-plugin,3.3.0,21,mvn-4.0.0-rc-2,.,main,${artifactId}-${version},READY,
RCM-07502,org.apache.maven.plugin-tools,maven-plugin-tools,3.6.4,8,mvn,maven-plugin-tools-generators,main,${artifactId}-${version},READY,
RCM-07516,org.apache.maven.reporting,maven-reporting-api,4.0.0-M1,8,mvn,.,main,${artifactId}-${version},READY,
RCM-07533,org.apache.maven.reporting,maven-reporting-exec,2.0.0-M1,8,mvn,.,main,${artifactId}-${version},READY,
RCM-07668,org.apache.maven.shared,maven-common-artifact-filters,3.4.0,8,mvn,.,main,${artifactId}-${version},READY,
RCM-07697,org.apache.maven.shared,maven-invoker,3.3.0,21,mvn,.,main,${artifactId}-${version},READY,
RCM-07711,org.apache.maven.shared,maven-shared-resources,6,21,mvn,.,main,${artifactId}-${version},READY,
RCM-07714,org.apache.maven.shared,maven-shared-utils,3.4.2,17,mvn,.,main,${artifactId}-${version},READY,
RCM-08095,org.apache.sling,htl-maven-plugin,2.0.4-1.4.0,11,mvn,.,main,${artifactId}-${version},READY,
RCM-08097,org.apache.sling,jspc-maven-plugin,2.3.4,11,mvn,.,main,${artifactId}-${version},READY,
RCM-08664,org.apache.sling,scriptingbundle-maven-plugin,0.4.0,11,mvn,.,main,${artifactId}-${version},READY,
RCM-08673,org.apache.sling,slingfeature-maven-plugin,1.6.6,11,mvn,.,main,${artifactId}-${version},READY,
RCM-08879,org.clojure,test.check,1.1.3,8,mvn-3.9.11,.,main,v${version},READY,
RCM-09229,org.complate,complate-spring-mvc,0.7.0,8,mvn,.,main,v${version},READY,
RCM-09452,org.glassfish.build,glassfishbuild-maven-plugin,4.1.0,11,mvn,.,main,${version},READY,
RCM-09997,org.kocakosm,jblake2,0.5,17,mvn,.,main,${version},READY,
RCM-10060,org.metricshub,community-connectors,1.0.21,17,mvn,.,main,v${version},READY,
RCM-10061,org.metricshub,ipmi-java,1.2.01,17,mvn,.,main,v${version},READY,
RCM-10075,org.metricshub,printf4j,0.9.08,17,mvn,.,main,v${version},READY,
RCM-10088,org.metricshub,wmi-java,1.0.05,17,mvn,.,main,v${version},READY,
RCM-10089,org.metricshub,xflat,1.0.02,17,mvn,.,main,v${version},READY,
RCM-10140,org.mybatis.dynamic-sql,mybatis-dynamic-sql,1.5.0,17,mvn,.,main,${artifactId}-${version},READY,
RCM-10228,org.mybatis.scripting,mybatis-thymeleaf,1.0.4,17,mvn,.,main,${artifactId}-${version},READY,
RCM-10355,org.owasp,dependency-check-parent,7.4.4,8,mvn,core,main,v${version},READY,
RCM-10400,org.sentrysoftware,ipmi,1.0.01,17,mvn,.,main,v${version},READY,
RCM-10415,org.sentrysoftware,jflat,1.0.01,17,mvn,.,main,v${version},READY,
RCM-10418,org.sentrysoftware.maven,maven-skin-tools,1.2.00,17,mvn,.,main,v${version},READY,
RCM-10446,org.sentrysoftware.maven,sentry-maven-skin,6.6.01,17,mvn,.,main,v${version},READY,
RCM-10460,org.sentrysoftware,printf4j,0.9.05,17,mvn,.,main,v${version},READY,
RCM-10471,org.sentrysoftware,vcenter,1.0.00,17,mvn,.,main,v${version},READY,
RCM-10481,org.sentrysoftware,wmi,1.0.02,17,mvn,.,main,v${version},READY,
RCM-10527,org.simplify4u.plugins,sign-maven-plugin,1.0.1,8,mvn,.,main,v${version},READY,
RCM-10565,org.sonatype.nexus.archetypes,nexus-format-archetype,1.0.74,8,mvn,.,main,${artifactId}-${version},READY,
RCM-10605,org.webjars,bootstrap,5.2.2,8,mvn,.,main,${artifactId}-${version},READY,
RCM-10638,org.webjars,flexmonster,2.9.35,8,mvn,.,main,${artifactId}-${version},READY,
RCM-10720,org.webjars,highcharts,12.1.0,21,mvn,.,main,${artifactId}-${version},READY,
RCM-10724,org.webjars,jquery-ui,1.14.1,21,mvn,.,main,${artifactId}-${version},READY,
RCM-10726,org.webjars,jszip,3.10.1,8,mvn,.,main,${artifactId}-${version},READY,
RCM-10727,org.webjars,openlayers,8.2.0,8,mvn,.,main,${artifactId}-${version},READY,
RCM-10787,org.webjars,webjars-locator-lite,0.0.1,8,mvn-3.9.3,.,main,${artifactId}-${version},READY,
RCM-10804,org.webjars,webjars-locator,0.50,8,mvn-3.9.3,.,main,${artifactId}-${version},READY,
