candidate_id,buildspec_path,buildspec_sha256,group_id,artifact_id,version,build_tool,maven_version,jdk_version,git_repository,git_revision,build_command,selection_role
RCM-07217,content/org/apache/maven/plugins/maven-checkstyle-plugin/maven-checkstyle-plugin-3.3.0.buildspec,65bad87c6d0a3e91e35df162fe25be4860904a106d191fafe112458c0e83d27a,org.apache.maven.plugins,maven-checkstyle-plugin,3.3.0,mvn,mvn,8,https://github.com/apache/${artifactId}.git,${artifactId}-${version},mvn -Papache-release clean package -DskipTests -Dmaven.javadoc.skip -Dgpg.skip,pilot-primary
RCM-05899,content/net/osslabz/jdbc-url-parser/jdbc-url-parser-0.1.0.buildspec,ea065256e2b1ffcfb35a18708227d2c6609fb4f5eefebd148ca869dad5550de1,net.osslabz,jdbc-url-parser,0.1.0,mvn,mvn,21,https://github.com/osslabz/${artifactId}.git,${version},mvn -Papache-release clean package -DskipTests -Dmaven.javadoc.skip -Dgpg.skip,pilot-primary
RCM-08115,content/org/apache/sling/org.apache.sling.api/org.apache.sling.api-3.0.2.buildspec,1427b7e8dc80157200d13aa55631f1b928a71f8a0c897b7afbf09e5df99dfaab,org.apache.sling,org.apache.sling.api,3.0.2,mvn-3.9.9,mvn-3.9.9,17,https://github.com/apache/sling-$(echo ${artifactId} | tr,${artifactId}-${version},mvn -Papache-release clean package -DskipTests -Dmaven.javadoc.skip -Dgpg.skip,pilot-primary
RCM-06809,content/org/apache/flink/flink-kubernetes-operator/flink-kubernetes-operator-1.14.0.buildspec,15d023cd02708e2d2723dd5d22cf3f4d8af8dfacc6b74f2da7f1db5d3cdb2ff9,org.apache.flink,flink-kubernetes-operator-parent,1.14.0,mvn,mvn,17,https://github.com/apache/flink-kubernetes-operator.git,release-${version},mvn -Papache-release clean package -DskipTests -Dmaven.javadoc.skip -Dgpg.skip,pilot-primary
RCM-01890,content/com/io7m/junsigned/com.io7m.junsigned-4.0.0.buildspec,3dcff714b17ceb636b9df087bbe027337b8ed1d18b49ba2925de1db1a1b56156,com.io7m.junsigned,com.io7m.junsigned,4.0.0,mvn-3.9.3,mvn-3.9.3,21,https://github.com/io7m/$(echo,${artifactId}-${version},mvn -DskipTests clean package -Dassembly.skipAssembly,pilot-primary
RCM-05436,content/io/telicent/smart-caches/graph/scg-base/scg-base-0.83.9.buildspec,3dd3a390397fdc6efb2c8c0cad863e4fc7934728d93a74440440c3cc8368b4db,io.telicent.smart-caches.graph,scg-base,0.83.9,mvn,mvn,21,https://github.com/Telicent-oss/smart-cache-graph,${version},mvn -Papache-release clean package -DskipTests -Dmaven.javadoc.skip -Dgpg.skip,pilot-primary
RCM-09188,content/org/codehaus/plexus/plexus-testing/plexus-testing-1.2.0.buildspec,56000d12194416ae2123736ec46f87bd28de8138d480a0c4c581186eb45e2c86,org.codehaus.plexus,plexus-testing,1.2.0,mvn,mvn,21,https://github.com/codehaus-plexus/${artifactId}.git,${artifactId}-${version},mvn -Pplexus-release clean package -DskipTests -Dmaven.javadoc.skip -Dgpg.skip,pilot-primary
RCM-10072,content/org/metricshub/maven/metricshub-connector-maven-plugin/metricshub-connector-maven-plugin-1.0.11.buildspec,0cc65b52a1cba43d4173b213414e94e0d107779073248731898c219f110b360a,org.metricshub.maven,metricshub-connector-maven-plugin,1.0.11,mvn,mvn,17,https://github.com/MetricsHub/${artifactId}.git,v${version},mvn clean package -DskipTests -Dmaven.javadoc.skip -Dgpg.skip,pilot-primary
RCM-01209,content/com/github/nbbrd/heylogs/heylogs-0.8.0.buildspec,1301ed4a37a3273d58fbc8217766b59375e402e4520cc4c2dbd77296f06e6221,com.github.nbbrd.heylogs,heylogs-parent,0.8.0,mvn,mvn,21,https://github.com/nbbrd/heylogs.git,v${version},mvn -Pbase-deploy clean package -DskipTests -Dmaven.javadoc.skip -Dgpg.skip,pilot-primary
RCM-09029,content/org/codehaus/mojo/tidy-maven-plugin/tidy-maven-plugin-1.4.0.buildspec,fefa2ed78d3cab33d3aa28418b4d89e706d3be9aa566821cd24c31c05fc12110,org.codehaus.mojo,tidy-maven-plugin,1.4.0,mvn-3.9.3,mvn-3.9.3,21,https://github.com/mojohaus/${artifactId}.git,${version},mvn -Pmojo-release clean package -DskipTests -Dmaven.javadoc.skip -Dgpg.skip,pilot-primary
RCM-04276,content/io/dropwizard/metrics5/dropwizard-metrics-5.0.0-rc21.buildspec,e204a2d5bf3801df2a2fba3c3ea454e97442c29b989204ccd21eaa9fabf30da9,io.dropwizard.metrics5,metrics-parent,5.0.0-rc21,mvn,mvn,17,https://github.com/dropwizard/metrics.git,v${version},mvn -Prelease-sign-artifacts clean package -DskipTests -Dmaven.javadoc.skip -Dgpg.skip -Dcyclonedx.skip,pilot-primary
RCM-09676,content/org/jpmml/jpmml-codemodel/jpmml-codemodel-1.2.1.buildspec,dd57d9f5133e9aba4fb49cd63017f8734652982ecbd7bf70f38018a97629f7db,org.jpmml,jpmml-codemodel,1.2.1,mvn-3.9.9,mvn-3.9.9,11,https://github.com/jpmml/${artifactId}.git,${version},mvn -Psonatype-oss-release clean package -DskipTests -Dmaven.javadoc.skip -Dgpg.skip,pilot-primary
RCM-07392,content/org/apache/maven/plugins/maven-rar-plugin/maven-rar-plugin-3.1.0.buildspec,a1b26564df74dc23fe5d4d88c9653cdb283bd78da0b67bbd1c4fefb7214cb7fc,org.apache.maven.plugins,maven-rar-plugin,3.1.0,mvn,mvn,21,https://github.com/apache/${artifactId}.git,${artifactId}-${version},mvn -Papache-release clean package -DskipTests -Dmaven.javadoc.skip -Dgpg.skip,pilot-primary
RCM-01483,content/com/google/code/gson/gson-2.13.2-rc1.buildspec,96cc8bab0b6bc1a106916c08e83cbef5026b3a26445a695ae660bed819f7f541,com.google.code.gson,gson-parent,2.13.2-rc1,mvn-3.9.11,mvn-3.9.11,17,https://github.com/google/gson.git,${artifactId}-${version},mvn clean package -Prelease -DskipTests -Dmaven.javadoc.skip -Dgpg.skip -Dbuildinfo.ignore=,pilot-primary
RCM-10228,content/org/mybatis/scripting/mybatis-thymeleaf/mybatis-thymeleaf-1.0.4.buildspec,a3cd88534855c6785fcbbd210e478f82962ddf4b251a32e01459d9431546ebc2,org.mybatis.scripting,mybatis-thymeleaf,1.0.4,mvn,mvn,17,https://github.com/mybatis/thymeleaf-scripting.git,${artifactId}-${version},mvn -Prelease clean package -DskipTests -Dmaven.javadoc.skip -Dgpg.skip,pilot-primary
RCM-01169,content/com/github/marschall/jakarta-jms-adapter/jakarta-jms-adapter-0.1.0.buildspec,49b4b5f0be86fa54d8ffac1817ddbc7da9b50a05dd0463f4bbe1240342e3a2a3,com.github.marschall,jakarta-jms-adapter,0.1.0,mvn,mvn,17,https://github.com/marschall/${artifactId}.git,${version},mvn clean package -DskipTests -Dmaven.javadoc.skip,pilot-primary
RCM-02151,content/com/semanticcms/semanticcms-news-all-book/semanticcms-news-all-book-1.22.0.buildspec,1f7c42a59ad126b94310242df5b727c80997fab77a0a80e2e0508f501422107f,com.semanticcms,semanticcms-news-all-book,1.22.0,mvn-3.9.3,mvn-3.9.3,21,https://github.com/ao-apps/semanticcms-news-all.git,${artifactId}-${version},mvn -f book -Prelease clean package -DskipTests -Dmaven.javadoc.skip -Dgpg.skip,pilot-primary
RCM-07075,content/org/apache/maven/doxia/doxia-sitetools/doxia-sitetools-2.0.0-M8.buildspec,29a950e9c5e3e9db5c542d4968c9d8df47a875d81b53a1b5ead3adc2f69f030f,org.apache.maven.doxia,doxia-sitetools,2.0.0-M8,mvn,mvn,8,https://github.com/apache/maven-${artifactId}.git,${artifactId}-${version},mvn -Papache-release clean package -DskipTests -Dmaven.javadoc.skip -Dgpg.skip,pilot-primary
RCM-01837,content/com/io7m/jmulticlose/com.io7m.jmulticlose-1.1.0.buildspec,9fb66d429e754742d5f274e051577143702def63047a772462af215c25b38710,com.io7m.jmulticlose,com.io7m.jmulticlose,1.1.0,mvn-3.9.3,mvn-3.9.3,17.0.8,https://github.com/io7m/$(echo,${artifactId}-${version},mvn -DskipTests clean package,pilot-primary
RCM-01559,content/com/hibegin/common-dao/common-dao-1.0.47.buildspec,b813ba63f36db5996260ad70d12ab86dc47957d70b73fd1795e2fc989d204e41,com.hibegin,common-dao,1.0.47,mvn-3.9.11,mvn-3.9.11,11,https://github.com/94fzb/common-dao,v${version},mvn clean package -DskipTests -Dmaven.javadoc.skip -Dgpg.skip,pilot-primary
RCM-08968,content/org/codehaus/mojo/license-maven-plugin/license-maven-plugin-2.5.0.buildspec,47db20f3fd7251281fc5d338c969b330efe6b78c75574b757fe81ebbef73880f,org.codehaus.mojo,license-maven-plugin,2.5.0,mvn-3.9.3,mvn-3.9.3,21,https://github.com/mojohaus/${artifactId}.git,${version},mvn -Pmojo-release clean package -DskipTests -Dmaven.javadoc.skip -Dgpg.skip,pilot-primary
RCM-02526,content/eu/europa/ec/joinup/sat/jdplus-incubator/jdplus-incubator-2.2.0.buildspec,920c51f228b522462b30793568762d185e780fd72453db064375d98ddbd8b606,eu.europa.ec.joinup.sat,jdplus-incubator,2.2.0,mvn,mvn,21,https://github.com/jdemetra/jdplus-incubator.git,v${version},mvn -Pbase-deploy clean package -DskipTests -Dmaven.javadoc.skip -Dgpg.skip,pilot-primary
RCM-03801,content/io/avaje/sigma/avaje-sigma-1.0.buildspec,de12c755b2c08a83b2d417b336feddab6ffd372cb12084a8af0ea05207c62c8b,io.avaje,avaje-sigma-parent,1.0,mvn,mvn,21,https://github.com/avaje/avaje-sigma.git,${version},mvn -Pcentral clean package -DskipTests -Dmaven.javadoc.skip -Dgpg.skip,pilot-primary
RCM-08255,content/org/apache/sling/org.apache.sling.feature.apiregions/org.apache.sling.feature.apiregions-1.1.10.buildspec,0be5fbf1bb8363e7f47899a138fe5b9260fd9d29ed1ac07db81617a146c4e4fa,org.apache.sling,org.apache.sling.feature.apiregions,1.1.10,mvn-3.9.9,mvn-3.9.9,11,https://github.com/apache/sling-$(echo ${artifactId} | tr,${artifactId}-${version},mvn -Papache-release clean package -DskipTests -Dmaven.javadoc.skip -Dgpg.skip,pilot-primary
RCM-08655,content/org/apache/sling/org.apache.sling.xss/org.apache.sling.xss-2.3.4.buildspec,0aff2670705be8e534264ceff2c7ee37755e16391e41e7d90941183856111395,org.apache.sling,org.apache.sling.xss,2.3.4,mvn,mvn,11,https://github.com/apache/sling-$(echo ${artifactId} | tr,${artifactId}-${version},mvn -Papache-release clean package -DskipTests -Dmaven.javadoc.skip -Dgpg.skip,pilot-primary
RCM-01886,content/com/io7m/jtensors/com.io7m.jtensors-11.0.0.buildspec,848289e841f0a78b20f7f792d98aeec87696ac9665c26126448e9086d97975d3,com.io7m.jtensors,com.io7m.jtensors,11.0.0,mvn-3.9.3,mvn-3.9.3,21,https://github.com/io7m/$(echo,${artifactId}-${version},mvn -DskipTests clean package -Dbuildinfo.ignore=,pilot-primary
RCM-07031,content/org/apache/maven/archetype/archetype-3.2.0.buildspec,456e77132cbc4721700e850856c109b476711bc44885c8764058c25d26b1ab06,org.apache.maven.archetype,maven-archetype,3.2.0,mvn,mvn,8,https://github.com/apache/${artifactId}.git,${artifactId}-${version},mvn -Papache-release clean package -DskipTests -Dmaven.javadoc.skip -Dgpg.skip,pilot-primary
RCM-07502,content/org/apache/maven/plugin-tools/maven-plugin-tools/maven-plugin-tools-3.6.4.buildspec,ad3815c4351f0aec05941d98a1fbc406df6382c18ced3eddc35f8ffd0eeea387,org.apache.maven.plugin-tools,maven-plugin-tools,3.6.4,mvn,mvn,8,https://github.com/apache/${artifactId}.git,${artifactId}-${version},mvn -Papache-release clean package -DskipTests -Dmaven.javadoc.skip -Dgpg.skip,pilot-primary
RCM-10914,content/tools/jackson/dataformat/jackson-dataformats-binary/jackson-dataformats-binary-3.1.2.buildspec,0052eb9861f0885a4259d084ca1ab56c8a02ed1bcae8eb37fee03a9cf14d2520,tools.jackson.dataformat,jackson-dataformats-binary,3.1.2,mvn-3.9.11,mvn-3.9.11,17,https://github.com/FasterXML/jackson-dataformats-binary.git,${artifactId}-${version},mvn -Prelease clean package -DskipTests -Dmaven.javadoc.skip -Dgpg.skip -Dbuildinfo.ignore=,pilot-primary
RCM-04387,content/io/dropwizard/modules/parent/module-parent-4.0.0-rc.2.buildspec,0441286bdc938343d68e0932265bdc58a4de296c0b51cb63b6602125ac42e3d6,io.dropwizard.modules,module-parent,4.0.0-rc.2,mvn,mvn,11,https://github.com/dropwizard/module-parent.git,${artifactId}-${version},mvn -Prelease clean verify -DskipTests -Dmaven.javadoc.skip -Dgpg.skip,pilot-primary
RCM-10446,content/org/sentrysoftware/maven/sentry-maven-skin/sentry-maven-skin-6.6.01.buildspec,96136cb452b6b97e45dd2dcd8db780c8bea7b2cf2d77b19e5fc6168152363400,org.sentrysoftware.maven,sentry-maven-skin,6.6.01,mvn,mvn,17,https://github.com/sentrysoftware/sentry-maven-skin.git,v${version},mvn clean package -DskipTests -Dmaven.javadoc.skip -Dgpg.skip,pilot-primary
RCM-01757,content/com/io7m/ervilla/com.io7m.ervilla-0.0.2.buildspec,3d869950a46234e5bafdd9fccea1146407973727bbc1c6b50f93bbd56a11f8ee,com.io7m.ervilla,com.io7m.ervilla,0.0.2,mvn-3.9.3,mvn-3.9.3,17.0.7,https://github.com/io7m/$(echo,${artifactId}-${version},mvn -DskipTests clean package,pilot-primary
RCM-07820,content/org/apache/nifi/nifi-nar-maven-plugin/nifi-nar-maven-plugin-2.2.0.buildspec,6e9f43d89a238004bb5518b1053648205a3adcf32a4f1954e9892d89ab8d28d7,org.apache.nifi,nifi-nar-maven-plugin,2.2.0,mvn-3.9.6,mvn-3.9.6,21,https://github.com/apache/nifi-maven.git,rel/${artifactId}-${version},mvn -Papache-release clean package -DskipTests -Dmaven.javadoc.skip -Dgpg.skip,pilot-primary
RCM-08468,content/org/apache/sling/org.apache.sling.rewriter/org.apache.sling.rewriter-1.3.2.buildspec,1355569d8ae87c060ac677a2e001e94d27d8dbb2cf8edc24f7a0b63975b4f150,org.apache.sling,org.apache.sling.rewriter,1.3.2,mvn,mvn,11,https://github.com/apache/sling-$(echo ${artifactId} | tr,${artifactId}-${version},mvn -Papache-release clean package -DskipTests -Dmaven.javadoc.skip -Dgpg.skip,pilot-primary
RCM-08377,content/org/apache/sling/org.apache.sling.jcr.oak.server/org.apache.sling.jcr.oak.server-1.4.0.buildspec,208dd31a238bc8cc209db6b7ee910622a0d1da342f04e5f1e13ef366b809ba31,org.apache.sling,org.apache.sling.jcr.oak.server,1.4.0,mvn,mvn,11,https://github.com/apache/sling-$(echo ${artifactId} | tr,${artifactId}-${version},mvn -Papache-release clean package -DskipTests -Dmaven.javadoc.skip -Dgpg.skip,pilot-primary
RCM-06525,content/org/apache/commons/commons-jexl3/commons-jexl3-3.6.2.buildspec,afd41922164420b8bcb0f8b0027259edf5754beb8a13201adb02c06abcbd40eb,org.apache.commons,commons-jexl3,3.6.2,mvn-3.9.12,mvn-3.9.12,25,https://github.com/apache/commons-jexl.git,rel/commons-jexl-${version},mvn clean package -DskipTests -Dmaven.javadoc.skip -Dgpg.skip -Dbuildinfo.ignore=,pilot-primary
RCM-06263,content/nl/hsac/hsac-fitnesse-plugin/hsac-fitnesse-plugin-1.33.0.buildspec,b94e4068888ffd2d05c1109b05d35a121394b9d543abacc103ed0f6662957a36,nl.hsac,hsac-fitnesse-plugin,1.33.0,mvn,mvn,11,https://github.com/fhoeben/${artifactId}.git,${version},mvn clean package -Prelease -Dgpg.skip,pilot-primary
RCM-08511,content/org/apache/sling/org.apache.sling.servlets.annotations/org.apache.sling.servlets.annotations-1.2.6.buildspec,bc9d9409235ae64b0267709a8d51381609e6471273e650488c82d0bd697b4a8b,org.apache.sling,org.apache.sling.servlets.annotations,1.2.6,mvn,mvn,11,https://github.com/apache/sling-$(echo ${artifactId} | tr,${artifactId}-${version},mvn -Papache-release clean package -DskipTests -Dmaven.javadoc.skip -Dgpg.skip,pilot-primary
RCM-10565,content/org/sonatype/nexus/archetypes/nexus-format-archetype/nexus-format-archetype-1.0.74.buildspec,56add15b9cc48860712891839eff14cbc66a3202f534ca6724b8b889a4a38e26,org.sonatype.nexus.archetypes,nexus-format-archetype,1.0.74,mvn,mvn,8,https://github.com/sonatype-nexus-community/${artifactId}.git,${artifactId}-${version},mvn clean package -DskipTests -Dmaven.javadoc.skip -Dgpg.skip,pilot-primary
RCM-01726,content/com/io7m/cardant/com.io7m.cardant-1.0.0-beta0002.buildspec,0e3f5c68dfee106553af9928c0a0d41e289594c30517b4d0c3011ad9d39c5601,com.io7m.cardant,com.io7m.cardant,1.0.0-beta0002,mvn-3.9.3,mvn-3.9.3,21,https://github.com/io7m/$(echo,${artifactId}-${version},mvn -Dio7m.release -Pio7m-oci-image -Dio7m.quickBuild -DbuildNumber=bd84bd5f917f1b4f489915a3b2e00570b999c265 clean package,pilot-primary
RCM-01850,content/com/io7m/jodist/com.io7m.jodist-2.0.1.buildspec,f6c70c6074b0dafb5dfaa12b6a8cbad6c5fd6818836c6f265b47fdccb1edcb66,com.io7m.jodist,com.io7m.jodist,2.0.1,mvn-3.9.3,mvn-3.9.3,21,https://github.com/io7m/$(echo,${artifactId}-${version},mvn -DskipTests clean package,pilot-primary
RCM-08621,content/org/apache/sling/org.apache.sling.testing.sling-mock-oak/org.apache.sling.testing.sling-mock-oak-3.2.0-1.22.15.buildspec,b3b63bae0d6b540d8dc95c26ba1172dcfbc2d279d56184b55111146b7213c3b9,org.apache.sling,org.apache.sling.testing.sling-mock-oak,3.2.0-1.22.15,mvn,mvn,11,https://github.com/apache/sling-$(echo ${artifactId} | tr,${artifactId}-${version},mvn -Papache-release clean package -DskipTests -Dmaven.javadoc.skip -Dgpg.skip -Dspotless.skip,pilot-primary
RCM-10481,content/org/sentrysoftware/wmi/wmi-1.0.02.buildspec,d34ffa7d138f27311f6706861d6a4d988d5cc72b1e50a817af5c9e7392e2aa67,org.sentrysoftware,wmi,1.0.02,mvn,mvn,17,https://github.com/sentrysoftware/${artifactId}.git,v${version},mvn clean package -DskipTests -Dmaven.javadoc.skip -Dgpg.skip,pilot-primary
RCM-04869,content/io/jstach/pistachio/pistachio-maven-parent/pistachio-maven-parent-0.1.0.buildspec,ea8ecc87a8af56e7daf5bcba524d76994a93d8f3bd32676a18362cad2e3964f5,io.jstach.pistachio,pistachio-maven-parent,0.1.0,mvn-3.9.4,mvn-3.9.4,18,https://github.com/jstachio/pistachio.git,${artifactId}-${version},mvn -Papache-release clean package -DskipTests -Dmaven.javadoc.skip -Dgpg.skip,pilot-primary
RCM-02733,content/eu/maveniverse/maven/mima/mima-2.4.45.buildspec,5adefc8f68e13ce9c2ab37af2e9b0ae7b9b85580ecd42ecf2ccf0888ea47a8aa,eu.maveniverse.maven.mima,mima,2.4.45,mvn-3.9.14,mvn-3.9.14,21,https://github.com/maveniverse/${artifactId}.git,release-${version},mvn -Pmaveniverse-release clean package -DskipTests -Dmaven.javadoc.skip -Dgpg.skip -Denforcer.skip,pilot-primary
RCM-01863,content/com/io7m/jqpage/com.io7m.jqpage-0.0.2.buildspec,1194fe26f349a26dbc71dbcb22ff0d6f2b052c22a07c610121403978dce02214,com.io7m.jqpage,com.io7m.jqpage,0.0.2,mvn-3.9.3,mvn-3.9.3,17.0.4.1,https://github.com/io7m/$(echo,${artifactId}-${version},mvn -DskipTests clean package,pilot-primary
RCM-08833,content/org/apache/wayang/wayang-0.7.1.buildspec,e2b8e7ef89f26810dfc4e0bbccfed5f498c9ee7231f46ae76cf8d25741b25464,org.apache.wayang,wayang,0.7.1,mvn,mvn,8,https://github.com/apache/incubator-${artifactId}.git,wayang-${version},SHELL mvn -Papache-release clean package -DskipTests -Dmaven.javadoc.skip -Dgpg.skip,pilot-primary
RCM-06692,content/org/apache/directory/scimple/scimple-1.0.0-M1.buildspec,7518d707f6aa9301059d1711b96cf56df4b1a14007ff1e9985d0c6d4e8f394b0,org.apache.directory.scimple,scimple,1.0.0-M1,mvn-3.9.4,mvn-3.9.4,17,https://github.com/apache/directory-scimple.git,${version},mvn -Papache-release clean package -DskipTests -Dmaven.javadoc.skip -Dgpg.skip,pilot-primary
RCM-08664,content/org/apache/sling/scriptingbundle-maven-plugin/scriptingbundle-maven-plugin-0.4.0.buildspec,b3f6bd9df884394ee6e6a2bd3bb6a1c2ad38b7a9c04374eff8d71916f4266ad2,org.apache.sling,scriptingbundle-maven-plugin,0.4.0,mvn,mvn,11,https://github.com/apache/sling-${artifactId}.git,${artifactId}-${version},mvn -Papache-release clean package -DskipTests -Dmaven.javadoc.skip -Dgpg.skip,pilot-primary
RCM-08187,content/org/apache/sling/org.apache.sling.distribution.journal/org.apache.sling.distribution.journal-0.1.26.buildspec,ad73194de09fee81993d1a195db7db9fc87790eb0d188b35ba2753485c1ee54b,org.apache.sling,org.apache.sling.distribution.journal,0.1.26,mvn,mvn,11,https://github.com/apache/sling-$(echo ${artifactId} | tr,${artifactId}-${version},mvn -Papache-release clean package -DskipTests -Dmaven.javadoc.skip -Dgpg.skip,pilot-primary
RCM-01684,content/com/homeofthewizard/gcp-secretmanager-maven-plugin/gcp-secretmanager-maven-plugin-1.0.0-beta.buildspec,b7d6ba9096a76866c7c581b51b936d72c6fa7578635903a5717b7bdcb0fa6246,com.homeofthewizard,gcp-secretmanager-maven-plugin,1.0.0-beta,mvn-3.9.11,mvn-3.9.11,21,https://github.com/homeofthewizard/gcp-secretmanager-maven-plugin.git,v${version},mvn -Ppublication clean package -DskipTests -Dmaven.javadoc.skip -Dgpg.skip,pilot-primary
RCM-00183,content/com/corgibytes/mrm/mrm-1.4.2.buildspec,5a9c60f5a558c686a346be01f43cdeb41920e14e624c8e408c19f3da5892ecfb,com.corgibytes,mrm,1.4.2,mvn,mvn,17,https://github.com/corgibytes/mrm,mrm-${version},mvn -Pmojo-release clean package -DskipTests -Dmaven.javadoc.skip -Dgpg.skip,pilot-primary
RCM-03211,content/fr/marcwrobel/jbanking/jbanking-4.1.0.buildspec,024ebdef105b1a1e91af507f31bedad9af930740c0a28ee3653175aa882a2ca1,fr.marcwrobel,jbanking,4.1.0,mvn-3.8.6,mvn-3.8.6,17,https://github.com/marcwrobel/jbanking.git,v${version},mvn -Prelease clean package -DskipTests -Dmaven.javadoc.skip -Dgpg.skip -Dcyclonedx.skip,pilot-primary
RCM-05702,content/io/yupiik/fusion/fusion-1.0.25.buildspec,d70df266b480f8cfd40f171712a99cc86c5c6a7985d41d799a686bd04c184b7f,io.yupiik.fusion,fusion,1.0.25,mvn,mvn,21,https://github.com/yupiik/fusion.git,fusion-${version},mvn -Prelease clean package -DskipTests -Dmaven.javadoc.skip -Dgpg.skip -pl !fusion-documentation,pilot-primary
RCM-00215,content/com/fasterxml/jackson/annotations/jackson-annotations-2.17.2.buildspec,f6787ffe643a919cc7b97062c84c887cbfd8c1406db3df243e0d3697f7c55870,com.fasterxml.jackson.core,jackson-annotations,2.17.2,mvn-3.9.3,mvn-3.9.3,8,https://github.com/FasterXML/${artifactId}.git,${artifactId}-${version},mvn -Prelease clean package -DskipTests -Dmaven.javadoc.skip -Dgpg.skip,pilot-primary
RCM-07203,content/org/apache/maven/plugins/maven-assembly-plugin/maven-assembly-plugin-3.6.0.buildspec,e5012d17cc43afbc68e78878437411300cee68702eedf134820fbc011bb258cf,org.apache.maven.plugins,maven-assembly-plugin,3.6.0,mvn,mvn,17,https://github.com/apache/${artifactId}.git,${artifactId}-${version},mvn -Papache-release clean package -DskipTests -Dmaven.javadoc.skip -Dgpg.skip,pilot-primary
RCM-04231,content/io/dropwizard/core/dropwizard-4.0.0-beta.2.buildspec,be8713bc66b6a0c91f84a47499b6fb529959a7ef7ea3e1517a6afea88bd61225,io.dropwizard,dropwizard-project,4.0.0-beta.2,mvn,mvn,11,https://github.com/dropwizard/dropwizard.git,v${version},mvn clean package -Prelease -DskipTests -Dmaven.javadoc.skip -Dgpg.skip -Dpgpverify.skip -Dcyclonedx.skip,pilot-primary
RCM-10727,content/org/webjars/openlayers/openlayers-8.2.0.buildspec,ae22e8687238a3bc09eb1c027e643203a5f2c38251198f5ec0947c74e6ca98a6,org.webjars,openlayers,8.2.0,mvn,mvn,8,https://github.com/webjars/openlayers.git,${artifactId}-${version},mvn clean package -DskipTests -Dmaven.javadoc.skip -Dgpg.skip,pilot-primary
RCM-10503,content/org/simplify4u/pgp-keys-map/pgp-keys-map-2024.04.04.buildspec,be0310539e013bb62d0329485ed70544d71d420a630b43605c9b3142d722c4f5,org.simplify4u,pgp-keys-map,2024.04.04,mvn,mvn,8,git@github.com:s4u/${artifactId}.git,v${version},mvn -N clean package -Dmaven.test.skip,pilot-primary
RCM-06669,content/org/apache/cxf/xjc-utils/xjc-utils-3.3.4.buildspec,ec6517675a9f0fdf8d8f01acbfc404fad4f9c2b39a8d8b733d89e5e3eea8a8fc,org.apache.cxf.xjc-utils,xjc-utils,3.3.4,mvn-3.9.3,mvn-3.9.3,11,https://github.com/apache/cxf-${artifactId}.git,${artifactId}-${version},mvn -Papache-release clean package -DskipTests -Dmaven.javadoc.skip -Dgpg.skip,pilot-primary
RCM-09012,content/org/codehaus/mojo/mrm/mrm-1.5.0.buildspec,6846017d3b61582907d9b62a78a843a755a890ae29e38e6a908b7850771a1bc9,org.codehaus.mojo,mrm,1.5.0,mvn,mvn,8,https://github.com/mojohaus/${artifactId}.git,${version},mvn -Pmojo-release clean package -DskipTests -Dmaven.javadoc.skip -Dgpg.skip,pilot-primary
RCM-08826,content/org/apache/tomee/jakartaee-api/jakartaee-api-9.1.1.buildspec,dfb184f60475250726f50a70e3fd64c6811c2498fdecd5c46fdb578806b69960,org.apache.tomee,jakartaee-api,9.1.1,mvn,mvn,11,https://github.com/apache/tomee-${artifactId}.git,${artifactId}-${version},mvn -Papache-release clean package -DskipTests -Dmaven.javadoc.skip -Dgpg.skip,pilot-primary
RCM-09417,content/org/eclipse/sisu/sisu-0.9.0.M4.buildspec,9fb6957c24f3a5d28e68e655184529a5c9300572a5b6040e9aac7671285212b1,org.eclipse.sisu,sisu-inject,0.9.0.M4,mvn-3.9.9,mvn-3.9.9,21,https://github.com/eclipse-sisu/sisu-project.git,milestones/${version},mvn clean verify -DskipTests -Dmaven.javadoc.skip -Dgpg.skip -Drevision=${version},pilot-primary
RCM-09452,content/org/glassfish/build/glassfishbuild-maven-plugin/glassfishbuild-maven-plugin-4.1.0.buildspec,c63f25deb8bca9c28ae9cedc115b77455974d7b1cff8c83138b8481c8fa9fb8b,org.glassfish.build,glassfishbuild-maven-plugin,4.1.0,mvn,mvn,11,https://github.com/eclipse-ee4j/glassfish-build-maven-plugin.git,${version},mvn -Papache-release clean package -DskipTests -Dmaven.javadoc.skip -Dgpg.skip,pilot-primary
RCM-06972,content/org/apache/logging/log4j/log4j-jmx-gui/log4j-jmx-gui-2.22.0.buildspec,3cf25cc73438c20cc9bc1c7de29f70dd8b653d4211220055bdf5150a2efb2231,org.apache.logging.log4j,log4j-jmx-gui,2.22.0,mvn,mvn,17,https://github.com/apache/logging-log4j-jmx-gui.git,rel/${version},mvn -Prelease clean package -DskipTests -Dmaven.javadoc.skip -Dgpg.skip,pilot-primary
RCM-10471,content/org/sentrysoftware/vcenter/vcenter-1.0.00.buildspec,7687902576bed26c087766e721a57596baba48fb2c66dfb3e52a9813127d380d,org.sentrysoftware,vcenter,1.0.00,mvn,mvn,17,https://github.com/sentrysoftware/${artifactId}.git,v${version},mvn clean package -DskipTests -Dmaven.javadoc.skip -Dgpg.skip,pilot-primary
RCM-09471,content/org/glassfish/jaxb/jaxb-4.0.6.buildspec,2ef49a47c123fcc61e822871cfb36a9818fe0283f9104b88a70902fe01f04400,org.glassfish.jaxb,jaxb-parent,4.0.6,mvn-3.9.11,mvn-3.9.11,11,https://github.com/eclipse-ee4j/jaxb-ri.git,${version}-RI,mvn clean package -f jaxb-ri/pom.xml -DskipTests -Dmaven.javadoc.skip -Dgpg.skip,pilot-primary
RCM-11130,content/us/abstracta/jmeter/jmeter-java-dsl/jmeter-java-dsl-2.0.buildspec,6e1f3b5b988cc544e579de3eef4101eef4c2130fbd153193a7acfe449f01011c,us.abstracta.jmeter,jmeter-java-dsl-parent,2.0,mvn,mvn,11,https://github.com/abstracta/jmeter-java-dsl.git,v${version},mvn -Prelease clean package -DskipTests -Dmaven.javadoc.skip -Dgpg.skip,pilot-primary
RCM-00389,content/com/fasterxml/jackson/dataformat/jackson-dataformats-binary/jackson-dataformats-binary-2.20.2.buildspec,7ae53c929556f27801ceb1ae5270c321fd578f2db38e4d63f32f436723831390,com.fasterxml.jackson.dataformat,jackson-dataformats-binary,2.20.2,mvn-3.9.11,mvn-3.9.11,8,https://github.com/FasterXML/jackson-dataformats-binary.git,${artifactId}-${version},mvn -Prelease clean package -DskipTests -Dgpg.skip -Dbuildinfo.ignore=,pilot-primary
RCM-09476,content/org/glassfish/main/glassfish-7.0.14.buildspec,d3aaca5e2519e1366b2f042e9f5c2406a1f6f8d70a9a7790d15fdd943e8384f7,org.glassfish.main,glassfish-parent,7.0.14,mvn-3.9.3,mvn-3.9.3,21,https://github.com/eclipse-ee4j/glassfish.git,${version},"SHELL mvn clean && find . -type d -exec chmod g+s {} \; && export LC_ALL=C && mvn package -Poss-release,fastest -DskipTests -Dmaven.javadoc.skip -Djavadoc.skip -Dgpg.skip",pilot-primary
RCM-00708,content/com/fasterxml/jackson/jackson-parent/jackson-parent-2.20-rc1.buildspec,6d25f500ae1bbfb6d07edacc15b517d363a344d0aa8ee10d2ee914f114b1b346,com.fasterxml.jackson,jackson-parent,2.20-rc1,mvn,mvn,11,https://github.com/FasterXML/jackson-parent.git,${artifactId}-${version},mvn -Papache-release clean package -DskipTests -Dmaven.javadoc.skip -Dgpg.skip,pilot-primary
RCM-01235,content/com/github/nbbrd/java-io-util/java-io-parent-0.0.32.buildspec,a1d2fdda491b6d0e22f3d56ddf44dab8794da9b4cf7eb90920da5157c2c55b63,com.github.nbbrd.java-io-util,java-io-parent,0.0.32,mvn,mvn,21,https://github.com/nbbrd/java-io-util.git,v${version},mvn -Pbase-deploy clean package -DskipTests -Dmaven.javadoc.skip -Dgpg.skip,pilot-primary
RCM-07309,content/org/apache/maven/plugins/maven-invoker-plugin/maven-invoker-plugin-3.6.0.buildspec,584e397c93972fcb7de0c2581f5bbad399307c53b540541f891c485a961a1ef9,org.apache.maven.plugins,maven-invoker-plugin,3.6.0,mvn,mvn,8,https://github.com/apache/${artifactId}.git,${artifactId}-${version},mvn -Papache-release clean package -DskipTests -Dmaven.javadoc.skip -Dgpg.skip,pilot-primary
RCM-04861,content/io/jstach/jstachio/jstachio-1.3.0.buildspec,f642bbd423febdee6d5c0413afc621f0a00d65d564be42f606688b0bddcf0fef,io.jstach,jstachio,1.3.0,mvn-3.9.2,mvn-3.9.2,17,https://github.com/jstachio/${artifactId}.git,v${version},bin/rebuild.sh,pilot-primary
RCM-06468,content/org/apache/commons/commons-beanutils/commons-beanutils-1.11.0.buildspec,daa8fe93441f2c8bb9c319db5b8745499e2590820d7ed5c2e91479fe4d4ca5b5,commons-beanutils,commons-beanutils,1.11.0,mvn,mvn,21,https://github.com/apache/${artifactId}.git,rel/${artifactId}-${version},mvn clean verify -DskipTests -Dgpg.skip -Dmaven.javadoc.skip -Dbuildinfo.ignore=,pilot-primary
RCM-00039,content/ch/qos/logback/access/access-2.0.4.buildspec,3499f4f94f9855afd71c1d67db8def6af15eca605a0ef9681356fefbd369ee3e,ch.qos.logback.access,parent,2.0.4,mvn,mvn,21,https://github.com/qos-ch/logback-access.git,v_${version},mvn clean package -DskipTests -Dmaven.javadoc.skip -Dgpg.skip,pilot-primary
RCM-09086,content/org/codehaus/plexus/plexus-classworlds/plexus-classworlds-2.10.0.buildspec,9f0aff2426477f473dbb54704c74e626acdc18645f61562eac496b761217a5b6,org.codehaus.plexus,plexus-classworlds,2.10.0,mvn-3.9.12,mvn-3.9.12,25,https://github.com/codehaus-plexus/${artifactId}.git,${artifactId}-${version},mvn -Pplexus-release clean package -DskipTests -Dmaven.javadoc.skip -Dgpg.skip,pilot-primary
RCM-02414,content/de/jflex/jflex-1.9.0.buildspec,b50fc966d7b724ff7cb49138e94012c1670a0904ae16498a367343f9059a7126,de.jflex,jflex-parent,1.9.0,mvn,mvn,19,https://github.com/jflex-de/jflex.git,v${version},mvn -Prelease clean package -DskipTests -Dmaven.javadoc.skip -Dgpg.skip,pilot-primary
RCM-05773,content/land/oras/oras-java-sdk/oras-java-sdk-0.2.8.buildspec,2f7b65d2f7135e9bfc61247e085e7b73cb87259ee2ab321c1ca22e56b5d60d87,land.oras,oras-java-sdk,0.2.8,mvn-3.9.9,mvn-3.9.9,17,https://github.com/oras-project/oras-java,${version},"mvn -Prelease,quick-build -DskipTests clean verify -Dgpg.skip -Dsigstore.skip -Dspdx-maven-plugin.version=0.7.4",pilot-primary
RCM-05916,content/net/revelc/code/formatter/formatter-maven-plugin/formatter-maven-plugin-2.26.0.buildspec,7486358f32f16796186ac4eeca05f684ee9c651db6ce4d28562fd6b47a63bea3,net.revelc.code.formatter,formatter-maven-plugin,2.26.0,mvn,mvn,17,https://github.com/revelc/${artifactId}.git,${artifactId}-${version},mvn -Prevelc-release clean package -DskipTests -Dmaven.javadoc.skip -Dgpg.skip,pilot-primary
RCM-00434,content/com/fasterxml/jackson/dataformat/jackson-dataformats-text/jackson-dataformats-text-2.20.1.buildspec,52f1103e8e603ac4d1356e194cbfde7f0a4a2fe0e91727f50b26c6de774325f7,com.fasterxml.jackson.dataformat,jackson-dataformats-text,2.20.1,mvn-3.9.11,mvn-3.9.11,8,https://github.com/FasterXML/jackson-dataformats-text.git,${artifactId}-${version},mvn -Prelease clean package -DskipTests -Dgpg.skip -Dbuildinfo.ignore=,pilot-primary
RCM-08097,content/org/apache/sling/jspc-maven-plugin/jspc-maven-plugin-2.3.4.buildspec,97d0cfe18276e19f2e4ef1f144cf5828ceb0ba76b075e4bbb61f7936c19d81b6,org.apache.sling,jspc-maven-plugin,2.3.4,mvn,mvn,11,https://github.com/apache/sling-${artifactId}.git,${artifactId}-${version},mvn -Papache-release clean package -DskipTests -Dmaven.javadoc.skip -Dgpg.skip,pilot-primary
RCM-10151,content/org/mybatis/jpetstore/jpetstore-6.1.0.buildspec,4719c0eb1ee8c4732e2c8b3ae3190488ae19bded17b2e52a9d6fd24bc1b1ce3a,org.mybatis,jpetstore,6.1.0,mvn,mvn,17,https://github.com/mybatis/jpetstore-6.git,${artifactId}-${version},mvn -Prelease clean package -DskipTests -Dmaven.javadoc.skip -Dgpg.skip,pilot-primary
RCM-07348,content/org/apache/maven/plugins/maven-jlink-plugin/maven-jlink-plugin-3.2.0.buildspec,83ebabda68bd0bf3be16da62c445fe995f41bdee0265a1b6c014153c3a131071,org.apache.maven.plugins,maven-jlink-plugin,3.2.0,mvn,mvn,21,https://github.com/apache/${artifactId}.git,${artifactId}-${version},mvn -Papache-release clean package -DskipTests -Dmaven.javadoc.skip -Dgpg.skip,pilot-primary
RCM-10294,content/org/owasp/antisamy/antisamy-1.6.3.buildspec,f80491495c674f5a19800e15da815ea1118c464b32adeb50ae80a5a98736f339,org.owasp.antisamy,antisamy,1.6.3,mvn,mvn,8,https://github.com/nahsra/${artifactId}.git,${version},"mvn clean package -DskipTests -Dmaven.javadoc.skip -Dgpg.skip -Dbuildinfo.ignore=cyclonedx.xml,cyclonedx.json",pilot-primary
RCM-10804,content/org/webjars/webjars-locator/webjars-locator-0.50.buildspec,1eb34f449984a3afc885339e6f5b1f1818c620f1f21815f3ad1c8a1f4f946014,org.webjars,webjars-locator,0.50,mvn-3.9.3,mvn-3.9.3,8,https://github.com/webjars/${artifactId}.git,${artifactId}-${version},mvn clean package -DskipTests -Dmaven.javadoc.skip -Dgpg.skip,pilot-primary
RCM-06557,content/org/apache/commons/commons-text/commons-text-1.14.0.buildspec,9c10dcd10c073b80ff07de219c8a1dff97c8cea851e27ecdbc3864408792d56c,org.apache.commons,commons-text,1.14.0,mvn,mvn,21,https://github.com/apache/commons-text.git,rel/commons-text-${version},mvn clean verify -DskipTests -Dgpg.skip -Dmaven.javadoc.skip -Dbuildinfo.ignore=,pilot-primary
RCM-10118,content/org/mybatis/caches/mybatis-hazelcast/mybatis-hazelcast-1.4.1.buildspec,f0e1a2f29676b5eb03b3a3d6c7496ac4053e35d1f523cef56b9749e093aec5af,org.mybatis.caches,mybatis-hazelcast,1.4.1,mvn-3.9.16,mvn-3.9.16,25,https://github.com/mybatis/hazelcast-cache.git,${artifactId}-${version},mvn -Prelease clean package -DskipTests -Dmaven.javadoc.skip -Dgpg.skip,pilot-primary
RCM-01831,content/com/io7m/jintegers/com.io7m.jintegers-3.0.0.buildspec,7001f76c6ba54158c3c0a43630dd5e52666160d1fd81dcf3cebc4377e7c39c84,com.io7m.jintegers,com.io7m.jintegers,3.0.0,mvn-3.9.3,mvn-3.9.3,17.0.3,https://github.com/io7m/$(echo,${artifactId}-${version},mvn -DskipTests clean package -Dassembly.skipAssembly,pilot-primary
RCM-01281,content/com/github/package-url/packageurl-java/packageurl-java-1.4.1.buildspec,0de3ba394bd20a057b363cb659d1b567f26e90e39a58fef309919730be88b992,com.github.package-url,packageurl-java,1.4.1,mvn,mvn,8,https://github.com/package-url/${artifactId}.git,${artifactId}-${version},mvn -Prelease clean package -DskipTests -Dmaven.javadoc.skip -Dgpg.skip,pilot-primary
RCM-02653,content/eu/maveniverse/maven/heimdall/heimdall-0.1.2.buildspec,9c9a40c99aa4409d40195eb46eba9b0cc8aa6fdd3bf8194bfa207270dd195259,eu.maveniverse.maven.heimdall,heimdall,0.1.2,mvn-3.9.9,mvn-3.9.9,21,https://github.com/maveniverse/${artifactId}.git,release-${version},mvn -Pmaveniverse-release clean package -DskipTests -Dmaven.javadoc.skip -Dgpg.skip -Denforcer.skip,pilot-primary
RCM-01278,content/com/github/nbbrd/spreadsheet4j/spreadsheet-2.6.0.buildspec,397242bab50d70c8e19c8927d4ea61bfaad85a8a0dcf235c5f04727fe4807fee,com.github.nbbrd.spreadsheet4j,spreadsheet-parent,2.6.0,mvn-3.9.12,mvn-3.9.12,21,https://github.com/nbbrd/spreadsheet4j.git,v${version},mvn -Pbase-deploy clean package -DskipTests -Dmaven.javadoc.skip -Dgpg.skip,pilot-primary
RCM-04098,content/io/cucumber/query/query-12.1.1.buildspec,e722c10818f7326caf851c5a4a8967fc7a5d5793ec39c58bbc399fe83ba3511e,io.cucumber,query,12.1.1,mvn,mvn,11,https://github.com/cucumber/${artifactId}.git,v${version},mvn -f java/pom.xml -Psign-source-javadoc clean package -DskipTests -Dmaven.javadoc.skip -Dgpg.skip,pilot-primary
RCM-02184,content/com/semanticcms/semanticcms-tag-reference/semanticcms-tag-reference-1.10.2.buildspec,e182a12544c6c132d6e28fbb7d4b03033bfc0df5ea2255bc744dcd2a6f045f45,com.semanticcms,semanticcms-tag-reference,1.10.2,mvn-3.9.2,mvn-3.9.2,17,https://github.com/ao-apps/${artifactId}.git,${artifactId}-${version},mvn -Prelease clean package -DskipTests -Dmaven.javadoc.skip -Dgpg.skip,pilot-primary
RCM-07489,content/org/apache/maven/plugin-testing/maven-plugin-testing/maven-plugin-testing-4.0.0-beta-4.buildspec,22bc1be85bc2dc91bf24be61bb4b777cb2648b6d04af0ae4862c9fdf17f2ade7,org.apache.maven.plugin-testing,maven-plugin-testing,4.0.0-beta-4,mvn-4.0.0-rc-3,mvn-4.0.0-rc-3,21,https://gitbox.apache.org/repos/asf/maven-plugin-testing.git,v${version},mvn -Papache-release clean package -DskipTests -Dmaven.javadoc.skip -Dgpg.skip,pilot-primary
RCM-09136,content/org/codehaus/plexus/plexus-io/plexus-io-3.5.0.buildspec,55cb1fdf4e627f0af99228abd32e2aab84c2fc0f208bb4c49cc2f82b44ff7ab5,org.codehaus.plexus,plexus-io,3.5.0,mvn,mvn,22,https://github.com/codehaus-plexus/${artifactId}.git,${artifactId}-${version},mvn -Pplexus-release clean package -DskipTests -Dmaven.javadoc.skip -Dgpg.skip,pilot-primary
RCM-08745,content/org/apache/struts/struts2-6.6.1.buildspec,95e5cca9a31ddf9d81d4658c5fb8942b85160c77ea6e5af4fd9e392654caf2a7,org.apache.struts,struts2-parent,6.6.1,mvn,mvn,8,https://github.com/apache/struts.git,STRUTS_`echo ${version} | tr . _`,mvn -Papache-release clean package -DskipTests -Dmaven.javadoc.skip -Dgpg.skip -DskipAssembly,pilot-primary
RCM-07229,content/org/apache/maven/plugins/maven-clean-plugin/maven-clean-plugin-4.0.0-beta-2.buildspec,a3d62e3039592cede0848f8170c832910df889741d63f2910edecaf6eccb061c,org.apache.maven.plugins,maven-clean-plugin,4.0.0-beta-2,mvn-4.0.0-rc-2,mvn-4.0.0-rc-2,21,https://github.com/apache/${artifactId}.git,${artifactId}-${version},mvn -Papache-release clean package -DskipTests -Dmaven.javadoc.skip -Dgpg.skip,pilot-primary
RCM-09997,content/org/kocakosm/jblake2/jblake2-0.5.buildspec,4a6971d6e3cd9c94e9b03170b982992bfbc21b306ecd1d1a836c40230b65143b,org.kocakosm,jblake2,0.5,mvn,mvn,17,https://github.com/kocakosm/jblake2.git,${version},mvn -Prelease clean package -DskipTests -Dmaven.javadoc.skip -Dgpg.skip,pilot-primary
RCM-08393,content/org/apache/sling/org.apache.sling.launchpad.testing/org.apache.sling.launchpad.testing-12.buildspec,7117a5932950c64db3ed3429e018a846677374205e5e3e040e71a7e44e1ca944,org.apache.sling,org.apache.sling.launchpad.testing,12,mvn-3.9.9,mvn-3.9.9,11,https://github.com/apache/sling-$(echo ${artifactId} | tr,${artifactId}-${version},mvn -Papache-release clean package -DskipTests -Dmaven.javadoc.skip -Dgpg.skip,pilot-primary
RCM-07208,content/org/apache/maven/plugins/maven-changelog-plugin/maven-changelog-plugin-3.0.0-M2.buildspec,5d58c6895308944d35f37672a916f2a696973e03a117f0ba6b9889cef12e6398,org.apache.maven.plugins,maven-changelog-plugin,3.0.0-M2,mvn-3.9.12,mvn-3.9.12,25,https://github.com/apache/${artifactId}.git,${artifactId}-${version},mvn -Papache-release clean package -DskipTests -Dmaven.javadoc.skip -Dgpg.skip,pilot-primary
RCM-01457,content/com/github/veithen/parent/veithen-parent-42.buildspec,de74fcd11bdecafc8d5066dcc7b74a45c84a491917d35988e7cd8a5377da82af,com.github.veithen,parent,42,mvn,mvn,11,https://github.com/veithen/${artifactId}.git,${version},mvn clean package -Prelease -DskipTests -Dmaven.javadoc.skip -Dgpg.skip,pilot-primary
RCM-08050,content/org/apache/royale/typedefs/royale-typedefs-0.9.12.buildspec,7de055fcb0e70b6af55e38966f9b1b17c3b618a51b914c996de9174ef82f9d61,org.apache.royale.typedefs,royale-typedefs-parent,0.9.12,mvn,mvn,17,https://github.com/apache/royale-typedefs.git,apache-royale-${version},"mvn -Papache-release,royale-release clean verify -DskipTests -Dmaven.javadoc.skip -Dgpg.skip",pilot-primary
RCM-02143,content/com/semanticcms/semanticcms-core-breadcrumblist-json-ld/semanticcms-core-breadcrumblist-json-ld-1.5.0.buildspec,aa4058198aa6f55bd8990dff786a639b7cee91cfd9a437e788ccbf51b22ae1bd,com.semanticcms,semanticcms-core-breadcrumblist-json-ld,1.5.0,mvn-3.9.3,mvn-3.9.3,17,https://github.com/ao-apps/semanticcms-core-breadcrumblist-json-ld.git,${artifactId}-${version},mvn -Prelease clean package -DskipTests -Dmaven.javadoc.skip -Dgpg.skip,pilot-primary
RCM-02985,content/eu/maveniverse/maven/toolbox/toolbox-0.3.2.buildspec,7fad32d2e572ed82bfd5d96418cf3436db16b282b9eaceddc83b7067d11c61eb,eu.maveniverse.maven.toolbox,toolbox,0.3.2,mvn-3.9.9,mvn-3.9.9,21,https://github.com/maveniverse/toolbox.git,release-${version},mvn -Pmaveniverse-release clean package -DskipTests -Dmaven.javadoc.skip -Dgpg.skip,pilot-primary
RCM-00129,content/ch/qos/reload4j/reload4j-1.2.18.5.buildspec,f6794f6c25d8d162af8507a83fef9114624ac635158aff58be8886526d3b85bd,ch.qos.reload4j,reload4j,1.2.18.5,mvn,mvn,8,https://github.com/qos-ch/${artifactId}.git,v_${version},mvn clean package -DskipTests -Dmaven.javadoc.skip -Dgpg.skip,pilot-primary
RCM-08648,content/org/apache/sling/org.apache.sling.tooling.support.source/org.apache.sling.tooling.support.source-1.1.0.buildspec,66006e931c3d7e3b94846db1a718526c3603f03861151d926b47cbd340aab3d7,org.apache.sling,org.apache.sling.tooling.support.source,1.1.0,mvn,mvn,11,https://github.com/apache/sling-$(echo ${artifactId} | tr,${artifactId}-${version},mvn -Papache-release clean package -DskipTests -Dmaven.javadoc.skip -Dgpg.skip,pilot-primary
RCM-09949,content/org/jpmml/jpmml-transpiler/jpmml-transpiler-1.4.5.buildspec,7d5ce1c10cff85eff367a723a88c045514f07e1180bd21ffc07e725adabdd472,org.jpmml,jpmml-transpiler,1.4.5,mvn-3.9.6,mvn-3.9.6,11,https://github.com/jpmml/${artifactId}.git,${version},mvn -Psonatype-oss-release clean package -DskipTests -Dmaven.javadoc.skip -Dgpg.skip,pilot-primary
RCM-02093,content/com/ongres/scram/scram-aggregator-3.4.buildspec,a861f4462bc713ac810c9573bbd6fbc2d2a4702787760056d41c973c2fff9d8d,com.ongres.scram,scram-aggregator,3.4,mvn-3.9.11,mvn-3.9.11,25,https://github.com/ongres/scram.git,${version},mvn clean package -P release -DskipTests -Dmaven.javadoc.skip -Dgpg.skip,pilot-primary
RCM-01181,content/com/github/marschall/jfr-jmstemplate/jfr-jmstemplate-3.0.0.buildspec,27599c8864e4fddd8e3434b5c6c0cae5275c2af3b160ba4747abd1d0144a46ee,com.github.marschall,jfr-jmstemplate,3.0.0,mvn,mvn,17,https://github.com/marschall/${artifactId}.git,${version},mvn clean package -DskipTests -Dmaven.javadoc.skip,pilot-primary
RCM-05502,content/io/wcm/io.wcm.caconfig/wcm-caconfig-editor-1.7.4.buildspec,81e631e5d072e6ff409993d109d52c126e11bfae1baf8b269c9eb3cae80fd7ae,io.wcm,io.wcm.caconfig.editor.parent,1.7.4,mvn,mvn,8,https://github.com/wcm-io/wcm-io-caconfig.git,${artifactId}-${version},mvn -f editor/pom.xml -Pio.wcm clean package -DskipTests -Dmaven.javadoc.skip -Dmaven.buildNumber.skip -DbuildNumber=919782b4 -Dtimestamp=2020-07-10T20:43:39+02:00,pilot-primary
RCM-02805,content/eu/maveniverse/maven/nisse/nisse-0.4.5.buildspec,6999182ff00ef3efa83cf9008404def9598a28b0a134baf9e2815156f17ea1cf,eu.maveniverse.maven.nisse,nisse,0.4.5,mvn-3.9.8,mvn-3.9.8,21,https://github.com/maveniverse/${artifactId}.git,release-${version},mvn -Pmaveniverse-release clean package -DskipTests -Dgpg.skip -Denforcer.skip,pilot-primary
RCM-10415,content/org/sentrysoftware/jflat/jflat-1.0.01.buildspec,1ce5d737292a8a6b075ba55f70773e8353f81949258def22d9f0b9fc5292f758,org.sentrysoftware,jflat,1.0.01,mvn,mvn,17,https://github.com/sentrysoftware/${artifactId}.git,v${version},mvn clean package -DskipTests -Dmaven.javadoc.skip -Dgpg.skip,pilot-primary
RCM-00916,content/com/github/hazendaz/catch-exception/catch-exception-2.3.3.buildspec,11500a9063215e5b7b65e3e4e6f83067acfe823c1bd383a822e4cf9bfeeb357c,com.github.hazendaz.catch-exception,catch-exception-parent,2.3.3,mvn-3.9.9,mvn-3.9.9,22,https://github.com/hazendaz/catch-exception.git,${artifactId}-${version},mvn clean package -DskipTests -Dmaven.javadoc.skip -Dgpg.skip -Dlicense.skip,pilot-primary
RCM-09122,content/org/codehaus/plexus/plexus-i18n/plexus-i18n-1.1.0.buildspec,750183d21f20a4575e8435b283f4d3489b59755efa45ff9dbb3f48179cb8ab1c,org.codehaus.plexus,plexus-i18n,1.1.0,mvn-3.9.11,mvn-3.9.11,25,https://github.com/codehaus-plexus/${artifactId}.git,${artifactId}-${version},mvn -Pplexus-release clean package -DskipTests -Dmaven.javadoc.skip -Dgpg.skip,pilot-primary
RCM-08000,content/org/apache/qpid/protonj2/protonj2-1.0.0-M11.buildspec,6c97278cf7c54a2c399df9442a65f68e4cf24120aa8fb0a84025faf2ea4efe23,org.apache.qpid,protonj2-parent,1.0.0-M11,mvn,mvn,11,https://github.com/apache/qpid-protonj2.git,${version},mvn -Papache-release clean package -DskipTests -Dmaven.javadoc.skip -Dgpg.skip,pilot-primary
RCM-07404,content/org/apache/maven/plugins/maven-release-plugin/maven-release-plugin-3.3.1.buildspec,fcbd1fd48042e36aad1deb2581f780031523274da559db0200702cba229f9c02,org.apache.maven.plugins,maven-release-plugin,3.3.1,mvn,mvn,21,https://github.com/apache/${baseArtifactId}.git,${baseArtifactId}-${version},mvn -Papache-release clean package -DskipTests -Dmaven.javadoc.skip -Dgpg.skip,pilot-primary
RCM-03479,content/io/avaje/config-toml/avaje-config-toml-4.1.buildspec,c08f50d5911ea0783f11d482de4efa169a30fb2ec5eab784c86ab3dc09f47a1c,io.avaje,avaje-config-toml,4.1,mvn-3.9.9,mvn-3.9.9,24,https://github.com/avaje/avaje-config.git,${version},mvn -f ${artifactId} -Pcentral clean package -DskipTests -Dmaven.javadoc.skip -Dgpg.skip,pilot-primary
RCM-06828,content/org/apache/hive/hive-4.1.0.buildspec,667384845a51e12cdadfee90075e793714ca0c6c696c6d07df2ef0d999c64e09,org.apache.hive,hive,4.1.0,mvn-3.9.6,mvn-3.9.6,17,https://github.com/apache/${artifactId}.git,rel/release-${version},mvn -Papache-release clean package -DskipTests -Dmaven.javadoc.skip -Dgpg.skip,pilot-primary
RCM-01861,content/com/io7m/jpuddle/com.io7m.jpuddle-0.5.0.buildspec,413019c5aae7f674221a03ae0371179103941e51a359e7dbf8d5323673e0efbe,com.io7m.jpuddle,com.io7m.jpuddle,0.5.0,mvn-3.9.3,mvn-3.9.3,17.0.3,https://github.com/io7m/$(echo,${artifactId}-${version},mvn -DskipTests clean package -Dassembly.skipAssembly,pilot-primary
