candidate_id,buildspec_path,buildspec_sha256,group_id,artifact_id,version,build_tool,maven_version,jdk_version,git_repository,git_revision,source_distribution,build_command,reference_repository,container_compatible,special_shell_command,status,selection_role
RCM-01265,content/com/github/nbbrd/sasquatch/sasquatch-1.1.1.buildspec,9300702f00397c1f74412f665bc0a12fba1dec7c8e68c047864f3f28da739707,com.github.nbbrd.sasquatch,sasquatch-parent,1.1.1,mvn,mvn,21,https://github.com/nbbrd/sasquatch.git,v${version},,mvn -Pbase-deploy clean package -DskipTests -Dmaven.javadoc.skip -Dgpg.skip,,true,false,DISCOVERED,pilot-primary
RCM-06571,content/org/apache/commons/compress/commons-compress-1.27.1.buildspec,96eb531a7d8ae4fdd21ea33fae8511827ea72982f107fc8e4927362dde933849,org.apache.commons,commons-compress,1.27.1,mvn,mvn,17,https://github.com/apache/${artifactId}.git,rel/${artifactId}-${version},,mvn -Prelease clean package package -DskipTests -Dmaven.javadoc.skip -Dgpg.skip -Dcommons.release.dryRun -Dcommons.release.isDistModule=false -Dcommons.spdx.version=0.7.1 -Dspdx.skip -Dcyclonedx.skip,,true,false,DISCOVERED,pilot-primary
RCM-10266,content/org/openapitools/openapidiff/openapi-diff-2.1.0-beta.12.buildspec,bc903a624076e10eaf3fa000399214a0e49d90216dc8fc104e143acc09677169,org.openapitools.openapidiff,openapi-diff-parent,2.1.0-beta.12,mvn,mvn,11,https://github.com/OpenAPITools/openapi-diff.git,${version},,mvn -Prelease clean package -DskipTests -Dmaven.javadoc.skip -Dgpg.skip -Dcyclonedx.skip,,true,false,DISCOVERED,pilot-primary
RCM-01435,content/com/github/veithen/maven/hermetic-maven-plugin/hermetic-maven-plugin-0.7.0.buildspec,d8f752359faca8d1705d18b6aa0b2bf02bf46194417f250a23e73edb4446cf00,com.github.veithen.maven,hermetic-maven-plugin,0.7.0,mvn,mvn,11,https://github.com/veithen/${artifactId}.git,${version},,mvn clean package -Prelease -DskipTests -Dmaven.javadoc.skip -Dgpg.skip,,true,false,DISCOVERED,pilot-primary
RCM-07651,content/org/apache/maven/shared/archiver/maven-archiver-3.6.2.buildspec,96542c5ebbe9f9b0bda6a695fad32f860c6c965606303c7c66dd88742b863c73,org.apache.maven,maven-archiver,3.6.2,mvn,mvn,21,https://github.com/apache/${artifactId}.git,${artifactId}-${version},,mvn -Papache-release clean package -DskipTests -Dmaven.javadoc.skip -Dgpg.skip,,true,false,DISCOVERED,pilot-primary
RCM-06282,content/org/antlr/antlr4/antlr4-4.12.0.buildspec,2b273d545bdd7d952d5ee3bb7a84bd2accc08d271e96e51c21ccdd9675ab1a48,org.antlr,antlr4-master,4.12.0,mvn,mvn,11,https://github.com/antlr/antlr4.git,${version},,mvn -Prelease clean package -DskipTests -Dmaven.javadoc.skip -Dgpg.skip,,true,false,DISCOVERED,pilot-primary
RCM-08957,content/org/codehaus/mojo/jaxb2-maven-plugin/jaxb2-maven-plugin-4.0.0.buildspec,d3150c7ef02f4d4692a26eb4b82bda5ca69b027572ecb0026bdbc1f1c289ada9,org.codehaus.mojo,jaxb2-maven-plugin,4.0.0,mvn-3.9.11,mvn-3.9.11,17,https://github.com/mojohaus/${artifactId}.git,${version},,mvn -Pmojo-release clean package -DskipTests -Dmaven.javadoc.skip -Dgpg.skip,,true,false,DISCOVERED,pilot-primary
RCM-09702,content/org/jpmml/jpmml-evaluator/jpmml-evaluator-1.7.0.buildspec,cb628710151bcd1918f68698078a95f76e195759a340fb4a49acd8ea0d7b12f3,org.jpmml,jpmml-evaluator,1.7.0,mvn-3.9.9,mvn-3.9.9,11,https://github.com/jpmml/${artifactId}.git,${version},,mvn -Psonatype-oss-release clean package -DskipTests -Dmaven.javadoc.skip -Dgpg.skip,,true,false,DISCOVERED,pilot-primary
RCM-07804,content/org/apache/nifi/nifi-api/nifi-api-2.1.0.buildspec,b0b5393be3cf033bb1638264d8f5b5ceaee3f5f0acc3d369903ae2727d998082,org.apache.nifi,nifi-api,2.1.0,mvn-3.9.9,mvn-3.9.9,21,https://github.com/apache/nifi-api.git,${artifactId}-${version},,mvn -Papache-release clean package -DskipTests -Dmaven.javadoc.skip -Dgpg.skip,,true,false,DISCOVERED,pilot-primary
RCM-06269,content/org/alluxio/alluxio/alluxio-301.buildspec,ba543d4ba44d7ee1ffd9fa1bb6eb2caab79ba17da0e2f5add9c62b24d9d27de2,org.alluxio,alluxio-parent,301,mvn-3.9.3,mvn-3.9.3,8,https://github.com/alluxio/alluxio.git,e816b77,,"mvn -Prelease,no-webui-linter clean package -DskipTests -Dmaven.javadoc.skip -Dgpg.skip -Dmaven.source.skip",,true,false,DISCOVERED,pilot-primary
RCM-02659,content/eu/maveniverse/maven/ipfs/ipfs-0.2.0.buildspec,918f18512ad00b657bb4ddf72a697f4b03be6b84d0d10ddd9efab95684b678d1,eu.maveniverse.maven.ipfs,ipfs,0.2.0,mvn-3.9.12,mvn-3.9.12,21,https://github.com/maveniverse/${artifactId}.git,release-${version},,mvn -Pmaveniverse-release clean package -DskipTests -Dmaven.javadoc.skip -Dgpg.skip -Denforcer.skip,,true,false,DISCOVERED,pilot-primary
RCM-04766,content/io/github/zlika/reproducible-build-maven-plugin/reproducible-build-maven-plugin-0.16.buildspec,55d36251c98895789b419dfb8566f417b77515aea62702cc01a601dcbfced1b6,io.github.zlika,reproducible-build-maven-plugin,0.16,mvn,mvn,8,https://github.com/Zlika/reproducible-build-maven-plugin.git,v${version},,mvn clean package -Prelease -DskipTests -Dmaven.javadoc.skip -Dgpg.skip,,true,false,DISCOVERED,pilot-primary
RCM-05906,content/net/osslabz/mexc-client/mexc-client-0.2.0.buildspec,cc32bc15e4a303f0cbf6e8133dd0a45081a260ee70596108bd3d1794a3009d36,net.osslabz,mexc-client,0.2.0,mvn,mvn,21,https://github.com/osslabz/mexc-client.git,${version},,mvn -Papache-release clean package -DskipTests -Dmaven.javadoc.skip -Dgpg.skip,,true,false,DISCOVERED,pilot-primary
RCM-03220,content/fr/vidal/oss/atom-jaxb-2.1.0.buildspec,84fc3aa3f4d7401d04e808461a53386007903c8cbf0ea13b76514d90c3f22d96,fr.vidal.oss,atom-jaxb-parent,2.1.0,mvn,mvn,11,https://github.com/vidal-community/atom-jaxb.git,v${version},,mvn -Prelease clean verify -DskipTests -Dmaven.javadoc.skip -Dgpg.skip,,true,false,DISCOVERED,pilot-primary
RCM-05624,content/io/wcm/io.wcm.wcm/ui/granite/wcm-ui-granite-1.7.2.buildspec,1dbad4caac73986c879d6358d157e15ec99e1f8158c1aae4933676c367549a15,io.wcm,io.wcm.wcm.ui.granite,1.7.2,mvn,mvn,11,https://github.com/wcm-io/wcm-io-wcm.git,${artifactId}-${version},,mvn -f ui/granite/pom.xml -Pio.wcm clean package -DskipTests -Dmaven.buildNumber.skip -DbuildNumber=${buildNumber} -Dtimestamp=${timestamp},,true,false,DISCOVERED,pilot-primary
RCM-01428,content/com/github/veithen/daemon/daemon-0.6.1.buildspec,a62ab646825c3f2b028e8851a85383c36f745d8afd9f3bd521f7bb26b5e5d765,com.github.veithen.daemon,daemon,0.6.1,mvn,mvn,17,https://github.com/veithen/${artifactId}.git,${version},,mvn clean package -Prelease -DskipTests -Dmaven.javadoc.skip -Dgpg.skip,,true,false,DISCOVERED,pilot-primary
RCM-04607,content/io/github/chains-project/maven-lockfile/maven-lockfile-5.2.3.buildspec,754e39f65cb3be683a2c461b1338db3974968bbfaf0d3c37a25c76dbb27b9aed,io.github.chains-project,maven-lockfile,5.2.3,mvn-3.9.3,mvn-3.9.3,17,https://github.com/chains-project/${artifactId}.git,v${version},,mvn -Ppublication clean package -DskipTests -Dmaven.javadoc.skip -Dgpg.skip,,true,false,DISCOVERED,pilot-primary
RCM-09994,content/org/jvnet/jaxb/jaxb-tools-4.0.8.buildspec,7a7544825724ad22d000c6508495b8174f17d12b02a8cdfaa33787c9d9532a9f,org.jvnet.jaxb,jaxb-tools-project,4.0.8,mvn-3.9.11,mvn-3.9.11,11,https://github.com/highsource/jaxb-tools.git,${version},,mvn -Psonatype-oss-release clean package -DskipTests -Dmaven.javadoc.skip -Dgpg.skip -Dbuildinfo.detect.skip=false,,true,false,DISCOVERED,pilot-primary
RCM-03970,content/io/cucumber/gherkin-utils/gherkin-utils-12.0.1.buildspec,5538a2facaa264616414cdac3ac5d1fcbcdf88a1ff7db2b0009fac38d9dd4688,io.cucumber,gherkin-utils,12.0.1,mvn-3.9.12,mvn-3.9.12,21,https://github.com/cucumber/${artifactId}.git,v${version},,mvn -f java/pom.xml -Psign-source-javadoc clean package -DskipTests -Dmaven.javadoc.skip -Dgpg.skip,,true,false,DISCOVERED,pilot-primary
RCM-10391,content/org/quickperf/quick-perf-1.0.1.buildspec,38ec4c4e9416db3c4d8426036d5c4314b4eff8e4d629e1924687f0826af25d93,org.quickperf,quick-perf,1.0.1,mvn,mvn,11,https://github.com/quick-perf/quickperf.git,release-${version},,mvn clean package -DskipTests -Dmaven.javadoc.skip -Dgpg.skip,,true,false,DISCOVERED,pilot-primary
RCM-07282,content/org/apache/maven/plugins/maven-gpg-plugin/maven-gpg-plugin-3.2.4.buildspec,d8da6a27d3fd76f6d76f5758cdd25e6fb9d4f30b0a0a69795fdf209af45a3cb9,org.apache.maven.plugins,maven-gpg-plugin,3.2.4,mvn,mvn,21,https://github.com/apache/${artifactId}.git,${artifactId}-${version},,mvn -Papache-release clean package -DskipTests -Dmaven.javadoc.skip -Dgpg.skip,,true,false,DISCOVERED,pilot-primary
RCM-01646,content/com/hibegin/zrlog-base/zrlog-base-3.2.61.buildspec,f3a98ffb01603ea140c1b06584ae1659da8fbe8aeaf0a03813a5e09be0c83d8d,com.hibegin,zrlog-base,3.2.61,mvn-3.9.11,mvn-3.9.11,21,https://github.com/zrlog-extensions/zrlog-base,v${version},,mvn -Papache-release clean package -DskipTests -Dmaven.javadoc.skip -Dgpg.skip,,true,false,DISCOVERED,pilot-primary
RCM-06547,content/org/apache/commons/commons-release-plugin/commons-release-plugin-1.8.3.buildspec,e86204b2120160ca9b87f578121e09d2ee251befcf2495ac974f83ec22b5216d,org.apache.commons,commons-release-plugin,1.8.3,mvn,mvn,17,https://github.com/apache/${artifactId}.git,rel/${artifactId}-${version},,mvn clean package -DskipTests -Dmaven.javadoc.skip -Dgpg.skip -Dbuildinfo.ignore=,,true,false,DISCOVERED,pilot-primary
RCM-04726,content/io/github/sebastian-toepfer/json/rpc/json-rpc/json-rpc-0.7.0.buildspec,24564c1746c60f8535fe8b4c901aa7831fb389a908ee7cc6629748b784263692,io.github.sebastian-toepfer.json.rpc,json-rpc,0.7.0,mvn-3.8.5,mvn-3.8.5,17,https://github.com/sebastian-toepfer/${artifactId}.git,${version},,mvn -P!full clean package -DskipTests -Dmaven.javadoc.skip -Dgpg.skip,,true,false,DISCOVERED,pilot-primary
RCM-10210,content/org/mybatis/parent/mybatis-parent-40.buildspec,9e9497510a3febb8035c22cf4712b4e2381980d1f12d41109bd4bc134f4b57e8,org.mybatis,mybatis-parent,40,mvn-3.9.5,mvn-3.9.5,11,https://github.com/mybatis/parent.git,${artifactId}-${version},,mvn -Prelease clean package -DskipTests -Dmaven.javadoc.skip -Dgpg.skip,,true,false,DISCOVERED,pilot-primary
RCM-02086,content/com/newmediaworks/nmw-oss-parent/nmw-oss-parent-1.20.1.buildspec,0059ed2ce2f6768925fb2b7eab1fb3deedac479cad4be794b71d80beab2def19,com.newmediaworks,nmw-oss-parent,1.20.1,mvn-3.9.3,mvn-3.9.3,11,https://github.com/newmediaworks/nmw-oss-parent.git,${artifactId}-${version},,mvn -Prelease clean package -DskipTests -Dmaven.javadoc.skip -Dgpg.skip,,true,false,DISCOVERED,pilot-primary
RCM-01448,content/com/github/veithen/maven/resolver-proxy-maven-plugin/resolver-proxy-maven-plugin-0.6.0.buildspec,edc26eacc9dc74820f80b517f8b16367ee7e90f697f08c0d5e5fb69afe3d1da5,com.github.veithen.maven,resolver-proxy-maven-plugin,0.6.0,mvn,mvn,21,https://github.com/veithen/${artifactId}.git,${version},,mvn clean package -Prelease -DskipTests -Dmaven.javadoc.skip -Dgpg.skip,,true,false,DISCOVERED,pilot-primary
RCM-07299,content/org/apache/maven/plugins/maven-install-plugin/maven-install-plugin-3.1.4.buildspec,4afaafc77349fe15cc317f7d24675df9255f791e06cba6caa10024f4488be815,org.apache.maven.plugins,maven-install-plugin,3.1.4,mvn,mvn,21,https://github.com/apache/${artifactId}.git,${artifactId}-${version},,"mvn -Papache-release,run-its clean package -DskipTests -Dinvoker.skip -Dmaven.javadoc.skip -Dgpg.skip",,true,false,DISCOVERED,pilot-primary
RCM-10398,content/org/sentrysoftware/http/http-1.0.01.buildspec,da321ca16db59dde2711111b386b688a3113746da62f75ee56d85ba79ccf0fd4,org.sentrysoftware,http,1.0.01,mvn,mvn,17,https://github.com/sentrysoftware/${artifactId}.git,v${version},,mvn clean package -DskipTests -Dmaven.javadoc.skip -Dgpg.skip,,true,false,DISCOVERED,pilot-primary
RCM-01012,content/com/github/hazendaz/htmlcompressor/htmlcompressor-1.9.2.buildspec,77a13bbbc2ef08287ffada10f41598fe1a14c1d194937fc9158e13473ee3ea21,com.github.hazendaz,htmlcompressor,1.9.2,mvn-3.9.9,mvn-3.9.9,21,https://github.com/hazendaz/${artifactId}.git,${artifactId}-${version},,mvn clean package -DskipTests -Dmaven.javadoc.skip -Dgpg.skip -Dlicense.skip,,true,false,DISCOVERED,pilot-primary
RCM-10463,content/org/sentrysoftware/snmp/snmp-1.0.00.buildspec,d5af76984c476395e01e92f6631c2a827dd4c5d25d009f7ae6ff24162128ee99,org.sentrysoftware,snmp,1.0.00,mvn,mvn,17,https://github.com/sentrysoftware/${artifactId}.git,v${version},,mvn clean package -DskipTests -Dmaven.javadoc.skip -Dgpg.skip,,true,false,DISCOVERED,pilot-primary
RCM-06961,content/org/apache/karaf/karaf/karaf-4.4.0.buildspec,0d4daaff7854cf47ae2699950a473d4556e62c0163d4e81078c3097125190c9b,org.apache.karaf,karaf,4.4.0,mvn,mvn,11,https://github.com/apache/${artifactId}.git,${artifactId}-${version},,mvn -Papache-release clean package -DskipTests -Dmaven.javadoc.skip -Dgpg.skip,,true,false,DISCOVERED,pilot-primary
RCM-09053,content/org/codehaus/mojo/wagon-maven-plugin/wagon-maven-plugin-3.0.0.buildspec,c9242f904b38fa5eae2ffe6e386efbf4cdcec15ae75ae7dffa83afbd061dbe09,org.codehaus.mojo,wagon-maven-plugin,3.0.0,mvn-3.9.12,mvn-3.9.12,21,https://github.com/mojohaus/${artifactId}.git,${artifactId}-${version},,mvn -Pmojo-release clean package -DskipTests -Dmaven.javadoc.skip -Dgpg.skip,,true,false,DISCOVERED,pilot-primary
RCM-09525,content/org/hibernate/search/hibernate-search-bom/hibernate-search-parent-8.0.0.Alpha3.buildspec,58ad531e8a0bf5c9badef812200a6238bb34ff5ccf1d8a010ccdd10972933f48,org.hibernate.search,hibernate-search-bom,8.0.0.Alpha3,mvn-3.9.6,mvn-3.9.6,21,https://github.com/hibernate/hibernate-search.git,${version},,mvn clean package -Pskip-checks -DskipTests -Dmaven.javadoc.skip -Dgpg.skip -Dno-build-cache -Dbuildinfo.detect.skip=false -Dbuildinfo.skipModules=,,true,false,DISCOVERED,pilot-primary
RCM-06665,content/org/apache/cxf/fediz/fediz-1.7.0.buildspec,402bf740683d43cb98e94ef36f0710df8c9a093f965a50674d88abf110ff2f3a,org.apache.cxf.fediz,fediz,1.7.0,mvn,mvn,11,https://github.com/apache/cxf-${artifactId}.git,${artifactId}-${version},,mvn -Papache-release clean package -DskipTests -Dmaven.javadoc.skip -Dgpg.skip,,true,false,DISCOVERED,pilot-primary
RCM-01418,content/com/github/veithen/checkt/checkt-0.1.0.buildspec,41f982f5d5d88890ba8d4592a70104a1335de9b1dc80c017ee9ca9db2e82bd55,com.github.veithen.checkt,checkt,0.1.0,mvn,mvn,11,https://github.com/veithen/${artifactId}.git,${version},,mvn clean package -Prelease -DskipTests -Dmaven.javadoc.skip -Dgpg.skip,,true,false,DISCOVERED,pilot-primary
RCM-06583,content/org/apache/commons/csv/commons-csv-1.12.0.buildspec,d15b09aa66c2f60f0d4a953d0fa8a34e4100861cfb856114bdff9d4f597400b2,org.apache.commons,commons-csv,1.12.0,mvn,mvn,17,https://github.com/apache/${artifactId}.git,rel/${artifactId}-${version},,mvn -Prelease clean:clean package -DskipTests -Dmaven.javadoc.skip -Dgpg.skip -Dspdx.skip -Dcommons.release.dryRun -Dcommons.release.isDistModule,,true,false,DISCOVERED,pilot-primary
RCM-00023,content/biz/aQute/bnd/plugins/bnd-plugins-7.2.3.buildspec,df98034bc74f8b9b0507a4f7a63105abe322975395d13ec2de00f84a9074471d,biz.aQute.bnd,bnd-plugin-parent,7.2.3,mvn,mvn,17,https://github.com/bndtools/bnd,${version},,mvn -f maven-plugins/pom.xml clean verify -DskipTests -Dmaven.javadoc.skip -Dgpg.skip -Dinvoker.skip,,true,false,DISCOVERED,pilot-primary
RCM-02615,content/eu/europa/ted/eforms/efx-toolkit-java/efx-toolkit-java-2.0.0-alpha.5.buildspec,e0baf97d1e8c838ef5f3aecd98c54df090cf1f73ebcc91eafb9c0aa54e26015f,eu.europa.ted.eforms,efx-toolkit-java,2.0.0-alpha.5,mvn,mvn,11,https://github.com/OP-TED/${artifactId}.git,${version},,mvn -Prelease clean package -DskipTests -Dmaven.javadoc.skip -Dgpg.skip,,true,false,DISCOVERED,pilot-primary
RCM-08915,content/org/codehaus/mojo/cassandra-maven-plugin/cassandra-maven-plugin-3.7.buildspec,1e22a4706652a52aef6379de8e5f9d844a9858114c0a6837193b9fd3508709d0,org.codehaus.mojo,cassandra-maven-plugin,3.7,mvn,mvn,8,https://github.com/mojohaus/${artifactId}.git,${artifactId}-${version},,mvn -Pmojo-release clean package -Dmaven.javadoc.skip -Dgpg.skip,,true,false,DISCOVERED,pilot-primary
RCM-09120,content/org/codehaus/plexus/plexus-digest/plexus-digest-1.3.buildspec,afb840e912103f5755312cc08f9de9c28b7b091ebae61dde3f52177e9b6e6f31,org.codehaus.plexus,plexus-digest,1.3,mvn,mvn,21,https://github.com/codehaus-plexus/${artifactId}.git,${artifactId}-${version},,mvn -Pplexus-release clean package -DskipTests -Dmaven.javadoc.skip -Dgpg.skip,,true,false,DISCOVERED,pilot-primary
RCM-02865,content/eu/maveniverse/maven/njord/njord-0.9.8.buildspec,d7c0aab77afc4b14d6f66b37f4006784dd2c50eba09de38fe30077a34b66863e,eu.maveniverse.maven.njord,njord,0.9.8,mvn-3.9.9,mvn-3.9.9,21,https://github.com/maveniverse/${artifactId}.git,release-${version},,mvn -Pmaveniverse-release clean package -DskipTests -Dgpg.skip -Denforcer.skip,,true,false,DISCOVERED,pilot-primary
RCM-10590,content/org/spdx/spdx-maven-plugin/spdx-maven-plugin-0.7.2.buildspec,89bc4e50e023ce740374c7d203a4f1e0f361713549272dbff015491f124ed6f4,org.spdx,spdx-maven-plugin,0.7.2,mvn,mvn,17,https://github.com/spdx/${artifactId}.git,v${version},,mvn -Prelease clean verify -DskipTests -Dmaven.javadoc.skip -Dgpg.skip,,true,false,DISCOVERED,pilot-primary
RCM-01441,content/com/github/veithen/maven/java-format-maven-plugin/java-format-maven-plugin-0.2.0.buildspec,20dcd81cacb8bf605a517ab0edd9bbc0659f84c38436418d2472f516537e9a9e,com.github.veithen.maven,java-format-maven-plugin,0.2.0,mvn,mvn,11,https://github.com/veithen/${artifactId}.git,${version},,mvn clean package -Prelease -DskipTests -Dmaven.javadoc.skip -Dgpg.skip,,true,false,DISCOVERED,pilot-primary
RCM-10405,content/org/sentrysoftware/jawk/jawk-3.1.00.buildspec,4db6f60854119fc575ee676db160e366ab6482948bfaf2554b9c0852258f50a7,org.sentrysoftware,jawk,3.1.00,mvn,mvn,17,https://github.com/sentrysoftware/${artifactId}.git,v${version},,mvn clean package -DskipTests -Dmaven.javadoc.skip -Dgpg.skip,,true,false,DISCOVERED,pilot-primary
RCM-05934,content/net/sf/michael-o/tomcat/tomcat-authnz-spnego-ad/tomcat-authnz-spnego-ad-4.0.1.buildspec,2fa3c7366fa04bc10439c6c6e612d62be6a6671379a0daffcae9b4b7a299f714,net.sf.michael-o.tomcat,tomcat-authnz-spnego-ad,4.0.1,mvn,mvn,11,https://github.com/michael-o/tomcatspnegoad.git,${version},,mvn -Pmichael-o-release clean package -DskipTests -Dmaven.javadoc.skip -Dgpg.skip,,true,false,DISCOVERED,pilot-primary
RCM-02748,content/eu/maveniverse/maven/mimir/mimir-0.10.3.buildspec,3ae93b911d17852c64340e25e753e4ca836aeed9361c8facc1c80d5b9fa3bb94,eu.maveniverse.maven.mimir,mimir,0.10.3,mvn-3.9.1,mvn-3.9.1,21,https://github.com/maveniverse/${artifactId}.git,release-${version},,mvn -Pmaveniverse-release clean package -DskipTests -Dmaven.javadoc.skip -Dgpg.skip -Denforcer.skip,,true,false,DISCOVERED,pilot-primary
RCM-07930,content/org/apache/plc4x/plc4x-site-skin/plc4x-site-skin-1.1.0.buildspec,37e84f0d49e1e3027e129e670c4f1f5f89cd00fe9111e6f3d70370e0560c5fe5,org.apache.plc4x.plugins,plc4x-site-skin,1.1.0,mvn,mvn,11,https://github.com/apache/plc4x-build-tools.git,site-skin/v${version},,mvn -f ${artifactId} -Papache-release clean package -DskipTests -Dmaven.javadoc.skip -Dgpg.skip,,true,false,DISCOVERED,pilot-primary
RCM-07783,content/org/apache/mina/mina-2.2.1.buildspec,876d1c134a47f37f9e521622529dd332f13478f1584d014bbd183e092616ebc9,org.apache.mina,mina-parent,2.2.1,mvn-3.8.6,mvn-3.8.6,8,https://github.com/apache/mina.git,${version},,mvn -Papache-release clean package -DskipTests -Dmaven.javadoc.skip -Dgpg.skip,,true,false,DISCOVERED,pilot-primary
RCM-08870,content/org/apache/zookeeper/zookeeper-3.9.5.buildspec,d5bdac396aa88e531438028686e75785e92e4b08a175c48aab32fad1f5395cc1,org.apache.zookeeper,zookeeper,3.9.5,mvn-3.9.12,mvn-3.9.12,11,https://github.com/apache/zookeeper.git,release-${version},,"mvn -Papache-release,fatjar clean package -DskipTests -Dmaven.javadoc.skip -Dgpg.skip -Dcyclonedx.skip -Djava.version=",,true,false,DISCOVERED,pilot-primary
RCM-07369,content/org/apache/maven/plugins/maven-pmd-plugin/maven-pmd-plugin-3.26.0.buildspec,9e595942eb4f5faca7a513294544dab0a493ca78c88735c603f6da51eccbf464,org.apache.maven.plugins,maven-pmd-plugin,3.26.0,mvn,mvn,8,https://github.com/apache/${artifactId}.git,${artifactId}-${version},,mvn -Papache-release clean package -DskipTests -Dmaven.javadoc.skip -Dgpg.skip,,true,false,DISCOVERED,pilot-primary
RCM-02114,content/com/semanticcms/semanticcms-all-book/semanticcms-all-book-1.22.0.buildspec,10d2109a3a8e31f7ef02b37b9ab23d75f9e07f6f3d1cd3bb975022f4d5340f46,com.semanticcms,semanticcms-all-book,1.22.0,mvn-3.9.3,mvn-3.9.3,21,https://github.com/ao-apps/semanticcms-all.git,${artifactId}-${version},,mvn -f book -Prelease clean package -DskipTests -Dmaven.javadoc.skip -Dgpg.skip,,true,false,DISCOVERED,pilot-primary
RCM-08907,content/org/codehaus/mojo/buildnumber-maven-plugin/buildnumber-maven-plugin-3.2.0.buildspec,1a6495b075d4d5e902407ce56fdeaf3bcb67942c326cb9cc5566847517641d8e,org.codehaus.mojo,buildnumber-maven-plugin,3.2.0,mvn-3.9.1,mvn-3.9.1,8,https://github.com/mojohaus/${artifactId}.git,${version},,mvn -Pmojo-release clean package -DskipTests -Dmaven.javadoc.skip -Dgpg.skip,,true,false,DISCOVERED,pilot-primary
RCM-08100,content/org/apache/sling/maven-enforcer-rules/maven-enforcer-rules-1.2.0.buildspec,89d8cef43c3098097f5aaebbfa8082c46ad2ced32900b0379383a10e69cfa3b3,org.apache.sling,maven-enforcer-rules,1.2.0,mvn,mvn,11,https://github.com/apache/sling-${artifactId}.git,${artifactId}-${version},,mvn -Papache-release clean package -DskipTests -Dmaven.javadoc.skip -Dgpg.skip,,true,false,DISCOVERED,pilot-primary
RCM-00811,content/com/fasterxml/woodstox/woodstox-core-7.1.1.buildspec,013c0fe795cd993f07ca35a59ca6d83882152397f0b4fce93ae48070e2f609b6,com.fasterxml.woodstox,woodstox-core,7.1.1,mvn,mvn,17,https://github.com/FasterXML/woodstox.git,${artifactId}-${version},,mvn -Prelease clean package -DskipTests -Dmaven.javadoc.skip -Dgpg.skip,,true,false,DISCOVERED,pilot-primary
RCM-00527,content/com/fasterxml/jackson/datatype/jackson-datatype-joda/jackson-datatype-joda-2.20.2.buildspec,be2f3bfd4d614036a477e2740a3837428f65ee483997f55b9cce2a19b893ef63,com.fasterxml.jackson.datatype,jackson-datatype-joda,2.20.2,mvn-3.9.11,mvn-3.9.11,8,https://github.com/FasterXML/jackson-datatype-joda.git,${artifactId}-${version},,mvn -Prelease clean package -DskipTests -Dgpg.skip -Dbuildinfo.ignore=,,true,false,DISCOVERED,pilot-primary
RCM-10847,content/tel/schich/javacan/javacan-3.4.0.buildspec,109d67aee212a664831a36dec9ed07c8ad401e42e57f73e37b7d460b5b0eb13f,tel.schich,javacan,3.4.0,mvn,mvn,8,https://github.com/pschichtel/JavaCAN.git,${artifactId}-${version},,"mvn clean package -Prelease-javacan,all-architectures -DskipTests -Dmaven.javadoc.skip -Dgpg.skip",,true,false,DISCOVERED,pilot-primary
RCM-02141,content/com/semanticcms/semanticcms-core-breadcrumblist-json-ld-book/semanticcms-core-breadcrumblist-json-ld-book-1.5.0.buildspec,bb5545064d0b08454f45b4993ea8e94ad929c96634867f4317e8f0fbe8480e03,com.semanticcms,semanticcms-core-breadcrumblist-json-ld-book,1.5.0,mvn-3.9.3,mvn-3.9.3,17,https://github.com/ao-apps/semanticcms-core-breadcrumblist-json-ld.git,${artifactId}-${version},,mvn -f book -Prelease clean package -DskipTests -Dmaven.javadoc.skip -Dgpg.skip,,true,false,DISCOVERED,pilot-primary
RCM-06080,content/nl/basjes/modbus/devices/modbus-devices-parent/modbus-devices-parent-0.4.1.buildspec,0a311cd8a2c3dee6686126134d683ee26001917ddbcb2092782945d118ef2bb3,nl.basjes.modbus.devices,modbus-devices-parent,0.4.1,mvn-3.9.9,mvn-3.9.9,21,https://github.com/nielsbasjes/modbus-devices.git,v${version},,mvn clean verify -PskipQuality,,true,false,DISCOVERED,pilot-primary
RCM-04414,content/io/fabric8/docker-maven-plugin/docker-maven-plugin-0.43.0.buildspec,675eb84b0141f5d5be9dc13be382f11ba0679cb578a98a31918bc3bb77d690bb,io.fabric8,docker-maven-plugin,0.43.0,mvn,mvn,11,https://github.com/fabric8io/${artifactId}.git,v${version},,mvn clean package source:jar -DskipTests -Dmaven.javadoc.skip -Dgpg.skip,,true,false,DISCOVERED,pilot-primary
RCM-01417,content/com/github/veithen/alta/alta-maven-plugin-0.8.1.buildspec,356835d0e006d87a7cb88c8771ae1ead7cb010e47facc7335d59c7be56fe68c6,com.github.veithen.alta,alta-maven-plugin,0.8.1,mvn,mvn,17,https://github.com/veithen/alta.git,${version},,mvn clean package -Prelease -DskipTests -Dmaven.javadoc.skip -Dgpg.skip,,true,false,DISCOVERED,pilot-primary
RCM-04008,content/io/cucumber/html-formatter/html-formatter-24.0.0.buildspec,88631ba55f6fb00371179b2ec1b1351b0a09e798982d98458527218a377f2f9a,io.cucumber,html-formatter,24.0.0,mvn-3.9.12,mvn-3.9.12,21,https://github.com/cucumber/${artifactId}.git,v${version},,mvn -f java/pom.xml -Psign-source-javadoc clean package -DskipTests -Dmaven.javadoc.skip -Dgpg.skip,,true,false,DISCOVERED,pilot-primary
RCM-00879,content/com/github/hazendaz/7zip/7zip-24.08.buildspec,336dee899a52ea7fc65a9b30fe4dcbac0b7caf9fe7a2803acf80c7f091e30065,com.github.hazendaz.7zip,7zip,24.08,mvn-3.9.8,mvn-3.9.8,17,https://github.com/hazendaz/7-zip.git,${artifactId}-${version},,mvn clean package -DskipTests -Dmaven.javadoc.skip -Dgpg.skip -Dlicense.skip,,true,false,DISCOVERED,pilot-primary
RCM-05931,content/net/sf/michael-o/michael-o-parent/michael-o-parent-20.buildspec,18016c0c5dd4cdcc07f108881fc591ab3ee6306202811eed131fe9f7b44b43a7,net.sf.michael-o,michael-o-parent,20,mvn,mvn,17,https://github.com/michael-o/${artifactId}.git,${version},,mvn -Pmichael-o-release clean package -DskipTests -Dmaven.javadoc.skip -Dgpg.skip -Dspotless.skip,,true,false,DISCOVERED,pilot-primary
RCM-09971,content/org/jpmml/minify-maven-plugin/minify-maven-plugin-1.0.1.buildspec,f1baabfabd90e27ff649be64036cf878261fbf341f3d5552fde4ec952404a7ef,org.jpmml,minify-maven-plugin,1.0.1,mvn-3.9.6,mvn-3.9.6,8,https://github.com/jpmml/${artifactId}.git,${version},,mvn -Psonatype-oss-release clean package -DskipTests -Dmaven.javadoc.skip -Dgpg.skip,,true,false,DISCOVERED,pilot-primary
RCM-02421,content/de/knightsoft-net/gwt-commons-codec/gwt-commons-codec-1.20.0-0.buildspec,9536e8fa863e812c23d752f81cf6ffc9681d1ec87730673b44c13a96e0536756,de.knightsoft-net,gwt-commons-codec,1.20.0-0,mvn,mvn,21,https://gitlab.com/ManfredTremmel/gwt-commons-codec.git,v${version},,mvn -Prelease clean package -DskipTests -Dmaven.javadoc.skip -Dgpg.skip -Dcommons.release.dryRun -Dcommons.release.isDistModule=false -Dspdx.skip,,true,false,DISCOVERED,pilot-primary
RCM-08777,content/org/apache/syncope/syncope-4.0.0-M1.buildspec,a664cf64d66cbc397f6e91e4f6cd846d566970039780f99ad67c5bd86c4138b5,org.apache.syncope,syncope,4.0.0-M1,mvn-3.9.9,mvn-3.9.9,21,https://gitbox.apache.org/repos/asf/${artifactId}.git,${artifactId}-${version},,"mvn -Papache-release,skipTests clean verify -DskipTests -Dmaven.javadoc.skip -Dgpg.skip -Ddocker.skip -Dbuildinfo.ignore=org.apache.syncope/syncope-${version}-cyclonedx.*",,true,false,DISCOVERED,pilot-primary
RCM-09084,content/org/codehaus/plexus/plexus-cipher/plexus-cipher-2.1.0.buildspec,3dfebc0f18414547f3ae5ecc2a211875cfe0eb16d59027f4ade9144361937b42,org.codehaus.plexus,plexus-cipher,2.1.0,mvn,mvn,21,https://github.com/codehaus-plexus/${artifactId}.git,${artifactId}-${version},,mvn -Pplexus-release clean package -DskipTests -Dmaven.javadoc.skip -Dgpg.skip,,true,false,DISCOVERED,pilot-primary
RCM-06803,content/org/apache/felix/pom/felix-parent-9.buildspec,353f0f52f51501400648d1e0a7f0d08ad76192b6abd82ab05e8b1b4d1dfaf82b,org.apache.felix,felix-parent,9,mvn,mvn,8,https://github.com/apache/felix-dev.git,${artifactId}-${version},,mvn -f ${root} -Papache-release clean package -DskipTests -Dmaven.javadoc.skip -Dgpg.skip,,true,false,DISCOVERED,pilot-primary
RCM-06562,content/org/apache/commons/commons-vfs2/commons-vfs2-2.10.0.buildspec,6c67bcef67c7710153a22578eb13296fcc4cafdbc679f24644587db350dfd2b6,org.apache.commons,commons-vfs2,2.10.0,mvn,mvn,21,https://github.com/apache/commons-vfs.git,rel/commons-vfs-${version},,mvn clean verify -DskipTests -Dgpg.skip -Dmaven.javadoc.skip -Dbuildinfo.ignore=,,true,false,DISCOVERED,pilot-primary
RCM-05730,content/it/mulders/puml/puml-parent-0.5.2.buildspec,674acf10a6bb737d474862133d72e8a1d7c0afd73116915a732ad1f76b146c5c,it.mulders.puml,puml-parent,0.5.2,mvn-3.9.16,mvn-3.9.16,21,https://github.com/mthmulders/puml-maven-plugin.git,v0.5.2,,mvn -Prelease clean package -DskipTests -Dmaven.javadoc.skip -Dgpg.skip -Dbuildinfo.detect.skip=false -pl !:plugin-tests,,true,false,DISCOVERED,pilot-primary
RCM-07797,content/org/apache/netbeans/utilities/utilities-14.1.buildspec,10ea3ac872941a60c21e7d9340dadaa698a1e80f12c6f7fe24b2811d99b71d46,org.apache.netbeans.utilities,utilities-parent,14.1,mvn,mvn,11,https://gitbox.apache.org/repos/asf/netbeans-mavenutils-nbm-maven-plugin.git,${artifactId}-${version},,mvn -Papache-release clean package -DskipTests -Dmaven.javadoc.skip -Dgpg.skip,,true,false,DISCOVERED,pilot-primary
RCM-10096,content/org/moditect/moditect/moditect-1.3.0.buildspec,cb66c3dde2023f38874d2a86ccefbde00261583b6a557c95006e27005ca9b88c,org.moditect,moditect,1.3.0,mvn,mvn,11,https://github.com/moditect/${artifactId}.git,${version}.Final,,mvn -Dmaven.site.skip -Drelease package -DskipTests -Dmaven.javadoc.skip -Dgpg.skip,,true,false,DISCOVERED,pilot-primary
RCM-07662,content/org/apache/maven/shared/maven-artifact-transfer/maven-artifact-transfer-0.13.1.buildspec,abdcd54c775af0e52cd2b9b1eeb7609bc1978982a73f545768a8228f5416b349,org.apache.maven.shared,maven-artifact-transfer,0.13.1,mvn,mvn,8,https://github.com/apache/${artifactId}.git,${artifactId}-${version},,mvn -Papache-release clean package -DskipTests -Dmaven.javadoc.skip -Dgpg.skip,,true,false,DISCOVERED,pilot-primary
RCM-09080,content/org/codehaus/plexus/plexus-archiver/plexus-archiver-4.9.0.buildspec,33e1b240a92a35ac82782c24cbad5f8247c42328aaff27d1eaa98014a885f150,org.codehaus.plexus,plexus-archiver,4.9.0,mvn,mvn,21,https://github.com/codehaus-plexus/${artifactId}.git,${artifactId}-${version},https://repo.maven.apache.org/maven2/org/codehaus/plexus/${artifactId}/${version}/${artifactId}-${version}-source-release.zip,mvn -Pplexus-release clean package -DskipTests -Dmaven.javadoc.skip -Dgpg.skip,,true,false,DISCOVERED,pilot-primary
RCM-03669,content/io/avaje/jsonb/avaje-jsonb-3.0-RC1.buildspec,239e082e208f0b13d6b7bd00a433cc634c0125a3bea14ce6fff8b18228b7a5d9,io.avaje,avaje-jsonb-parent,3.0-RC1,mvn,mvn,21,https://github.com/avaje/avaje-jsonb.git,dfe3f7bd5ba320aee7ae4c2e021aaf71aa363846,,mvn -Pcentral clean package -DskipTests -Dmaven.javadoc.skip -Dgpg.skip,,true,false,DISCOVERED,pilot-primary
RCM-01432,content/com/github/veithen/hermetic-security-manager/hermetic-security-manager-1.3.0.buildspec,b70cb5f7bd83526f78acdae6cca64138262c7b8eb34288dae4b4c483faff28bb,com.github.veithen,hermetic-security-manager,1.3.0,mvn,mvn,17,https://github.com/veithen/hermetic-security-manager.git,${version},,mvn -Prelease clean package -DskipTests -Dmaven.javadoc.skip -Dgpg.skip,,true,false,DISCOVERED,pilot-primary
RCM-08430,content/org/apache/sling/org.apache.sling.providertype.bnd-plugin/org.apache.sling.providertype.bnd-plugin-1.0.0.buildspec,77b138e937eb7488339c36ab4744f9b63fbd6eb9e1c2410bd2169e1740adac84,org.apache.sling,org.apache.sling.providertype.bnd-plugin,1.0.0,mvn,mvn,11,https://gitbox.apache.org/repos/asf/sling-org-apache-sling-providertype-bnd-plugin.git,${artifactId}-${version},,mvn -Papache-release clean package -DskipTests -Dmaven.javadoc.skip -Dgpg.skip,,true,false,DISCOVERED,pilot-primary
RCM-02154,content/com/semanticcms/semanticcms-news-all/semanticcms-news-all-1.22.0.buildspec,65694c0ffed4ed36f3d8f52a76ddc3232a5f2a250f862188c70708aa91692168,com.semanticcms,semanticcms-news-all,1.22.0,mvn-3.9.3,mvn-3.9.3,21,https://github.com/ao-apps/semanticcms-news-all.git,${artifactId}-${version},,mvn -Prelease clean package -DskipTests -Dmaven.javadoc.skip -Dgpg.skip,,true,false,DISCOVERED,pilot-primary
RCM-10428,content/org/sentrysoftware/maven/metricshub-connector-maven-plugin/metricshub-connector-maven-plugin-1.0.02.buildspec,a46c8473b1a6fffb4752ff8ad732a3c6f3132e8e312871ea4ac212c68d0ca0df,org.sentrysoftware.maven,metricshub-connector-maven-plugin,1.0.02,mvn,mvn,17,https://github.com/sentrysoftware/${artifactId}.git,v${version},,mvn clean package -DskipTests -Dmaven.javadoc.skip -Dgpg.skip,,true,false,DISCOVERED,pilot-primary
RCM-04094,content/io/cucumber/pretty-formatter/pretty-formatter-3.2.0.buildspec,99a97f7c5db7b196729227a3fefbf11547ec7b2535bf94a83a5695888cd1ea9e,io.cucumber,pretty-formatter,3.2.0,mvn-3.9.12,mvn-3.9.12,21,https://github.com/cucumber/${artifactId}.git,v${version},,mvn -f java/pom.xml -Psign-source-javadoc clean package -DskipTests -Dmaven.javadoc.skip -Dgpg.skip,,true,false,DISCOVERED,pilot-primary
RCM-06117,content/nl/basjes/parse/useragent/yauaa/yauaa-7.25.0.buildspec,a7ad7651f908c47b4433641158fb0be11a2f17543ad593cf02d4ab728b98d86d,nl.basjes.parse.useragent,yauaa,7.25.0,mvn-3.8.7,mvn-3.8.7,21,https://github.com/nielsbasjes/yauaa.git,v${version},,mvn clean verify -PskipQuality,,true,false,DISCOVERED,pilot-primary
RCM-00276,content/com/fasterxml/jackson/core/jackson-core-2.18.6.buildspec,e3796d3588de9c62b0134e689e1c2083b693ddbbf9bcc6cc0d237e443bf4b2e9,com.fasterxml.jackson.core,jackson-core,2.18.6,mvn-3.9.9,mvn-3.9.9,8,https://github.com/FasterXML/${artifactId}.git,${artifactId}-${version},,mvn -Prelease clean package -DskipTests -Dmaven.javadoc.skip -Dgpg.skip,,true,false,DISCOVERED,pilot-primary
RCM-05905,content/net/osslabz/lnd-rest-client/lnd-rest-client-1.0.1.buildspec,4ac5600923d2fead42f71467e7d18f372917d055723c063d529f31a0fbbeb5d0,net.osslabz,lnd-rest-client,1.0.1,mvn,mvn,17,https://github.com/osslabz/${artifactId}.git,${version},,mvn -Papache-release clean package -DskipTests -Dmaven.javadoc.skip -Dgpg.skip,,true,false,DISCOVERED,pilot-primary
RCM-05879,content/net/osslabz/coingecko-java/coingecko-java-1.2.0.buildspec,fa6a07b9a73a5ac4286fde94e769b70b5794cf8e5ad63bb0bf8853221a015c83,net.osslabz,coingecko-java,1.2.0,mvn,mvn,21,https://github.com/osslabz/coingecko-java.git,${version},,mvn -Papache-release clean package -DskipTests -Dmaven.javadoc.skip -Dgpg.skip,,true,false,DISCOVERED,pilot-primary
RCM-02126,content/com/semanticcms/semanticcms-bom/semanticcms-bom-1.22.0.buildspec,425ea46765bc5908642c587b5858afa0b369083da66aaa80538e6f7a774c5d4e,com.semanticcms,semanticcms-bom,1.22.0,mvn-3.9.3,mvn-3.9.3,17,https://github.com/ao-apps/semanticcms-bom.git,${artifactId}-${version},,mvn -Prelease clean package -DskipTests -Dmaven.javadoc.skip -Dgpg.skip,,true,false,DISCOVERED,pilot-primary
RCM-09457,content/org/glassfish/grizzly/grizzly-5.0.0.buildspec,1c84a9b849f51325e0859937068401e5fb3328ebb38a8ccfc190dd4502fa4f12,org.glassfish.grizzly,grizzly-project,5.0.0,mvn-3.9.11,mvn-3.9.11,21,https://github.com/eclipse-ee4j/glassfish-grizzly.git,${version}-RELEASE,,mvn clean package -Poss-release -DskipTests -Dmaven.javadoc.skip -Djavadoc.skip -Dgpg.skip -Dbuildinfo.detect.skip=false -Dbuildinfo.ignore=,,true,false,DISCOVERED,pilot-primary
RCM-07793,content/org/apache/netbeans/nbpackage/nbpackage-1.0-beta5.buildspec,37c1e10fe0cf30daf976ea228a86d1e7761af15b360c23d29a683cd4b7165da4,org.apache.netbeans,nbpackage,1.0-beta5,mvn,mvn,17,https://gitbox.apache.org/repos/asf/netbeans-nbpackage.git,${artifactId}-${version},,mvn -Papache-release clean package -DskipTests -Dmaven.javadoc.skip -Dgpg.skip,,true,false,DISCOVERED,pilot-primary
RCM-05641,content/io/wcm/maven/plugins/sling-initial-content-transform-maven-plugin/sling-initial-content-transform-maven-plugin-1.1.8.buildspec,d091c7dfdaa4259a868602b8ecb6ef2999b5ec9a0afda0527d2e5613c9695fc4,io.wcm.maven.plugins,sling-initial-content-transform-maven-plugin,1.1.8,mvn-3.9.4,mvn-3.9.4,21,https://github.com/wcm-io/io.wcm.maven.plugins.${artifactId}.git,${version},,mvn -Papache-release clean package -DskipTests -Dmaven.javadoc.skip -Dgpg.skip,,true,false,DISCOVERED,pilot-primary
RCM-06610,content/org/apache/commons/parent/commons-parent-62.buildspec,726c845c8d1de4455f09acf73126aecbd8119b870f278cf9c4eccfe35f8a5b54,org.apache.commons,commons-parent,62,mvn,mvn,8,https://github.com/apache/${artifactId}.git,rel/${artifactId}-${version},,mvn -Papache-release clean package -DskipTests -Dmaven.javadoc.skip -Dgpg.skip -Dassembly.skipAssembly -Dbuildinfo.ignore=,,true,false,DISCOVERED,pilot-primary
RCM-06908,content/org/apache/jdo/jdo-3.2.1.buildspec,d3f087da9de1338f25eef654a5bde908178f865002c23710852e2001d51a1067,org.apache,jdo,3.2.1,mvn,mvn,8,https://github.com/apache/db-jdo.git,v${version},https://archive.apache.org/dist/db/${artifactId}/${version}/${artifactId}-${version}-source-release.zip,mvn -Papache-release clean package -DskipTests -Dmaven.javadoc.skip -Dgpg.skip,,true,false,DISCOVERED,pilot-primary
RCM-02571,content/eu/europa/ted/eforms/eforms-sdk/eforms-sdk-1.12.0.buildspec,88231fb9a63f729027b06929ba4271a1ecfe3e9afdf8c9952a1e89f67ca840d5,eu.europa.ted.eforms,eforms-sdk,1.12.0,mvn,mvn,11,https://github.com/OP-TED/eForms-SDK.git,${version},,mvn -Prelease clean package -DskipTests -Dmaven.javadoc.skip -Dgpg.skip,,true,false,DISCOVERED,pilot-primary
RCM-09185,content/org/codehaus/plexus/plexus-sec-dispatcher/plexus-sec-dispatcher-4.1.0.buildspec,0154494eda2a8afc1208c53179f291e0bfb12f701abdbc8095a59d244aac3a35,org.codehaus.plexus,plexus-sec-dispatcher,4.1.0,mvn-3.9.9,mvn-3.9.9,17,https://github.com/codehaus-plexus/${artifactId}.git,${artifactId}-${version},,mvn -Pplexus-release clean package -DskipTests -Dmaven.javadoc.skip -Dgpg.skip,,true,false,DISCOVERED,pilot-primary
RCM-06690,content/org/apache/directory/project/project-50.buildspec,2fb8de75b17965d99fdfa5996c8df341ba59ea6a17798150b66633d7e3821594,org.apache.directory.project,project,50,mvn-3.8.6,mvn-3.8.6,8,https://github.com/apache/directory-${artifactId}.git,${version},,mvn -Papache-release clean package -DskipTests -Dmaven.javadoc.skip -Dgpg.skip,,true,false,DISCOVERED,pilot-primary
RCM-08717,content/org/apache/stormcrawler/stormcrawler-3.5.0.buildspec,7bfcb84aea0433a16c773556f86ea52096898dc6d1c311aa9b38b176a77c4058,org.apache.stormcrawler,stormcrawler,3.5.0,mvn-3.9.9,mvn-3.9.9,21,https://github.com/apache/${artifactId}.git,${artifactId}-${version},,mvn -Papache-release clean package -DskipTests -Dmaven.javadoc.skip -Dgpg.skip,,true,false,DISCOVERED,pilot-primary
RCM-07766,content/org/apache/maven/wagon/wagon/wagon-3.5.2.buildspec,91898ae691217c26002135ad068a7975e37c590ccd1a4d31969cc4ab52248a50,org.apache.maven.wagon,wagon,3.5.2,mvn,mvn,8,https://github.com/apache/maven-${artifactId}.git,${artifactId}-${version},https://archive.apache.org/dist/maven/wagon/${artifactId}-${version}-source-release.zip,mvn -Papache-release clean package -DskipTests -Dmaven.javadoc.skip -Dgpg.skip,,true,false,DISCOVERED,pilot-primary
RCM-06853,content/org/apache/jackrabbit/filevault/jackrabbit-filevault-4.0.0.buildspec,b70532412aaa094f9ce9cb7842bcee3351ce7b17af24ff2da5b1d58ca3b8d773,org.apache.jackrabbit.vault,jackrabbit-filevault,4.0.0,mvn-3.9.3,mvn-3.9.3,11,https://github.com/apache/${artifactId}.git,${artifactId}-${version},,mvn -Papache-release clean package -DskipTests -Dmaven.javadoc.skip -Dgpg.skip,,true,false,DISCOVERED,pilot-primary
RCM-01442,content/com/github/veithen/maven/p2-maven-connector/p2-maven-connector-0.6.0.buildspec,9c729a9340a9937a1c997a964ebd7b2335af7e92223414dc81275855248703a2,com.github.veithen.maven,p2-maven-connector,0.6.0,mvn,mvn,11,https://github.com/veithen/${artifactId}.git,${version},,mvn clean package -Prelease -DskipTests -Dmaven.javadoc.skip -Dgpg.skip,,true,false,DISCOVERED,pilot-primary
RCM-05896,content/net/osslabz/evm-abi-decode/evm-abi-decoder-0.1.4.buildspec,0ffd95c339f748d824e7ce485270320a7d65836b950dfa27ab7a98abfea740ad,net.osslabz,evm-abi-decoder,0.1.4,mvn,mvn,21,https://github.com/osslabz/evm-abi-decoder.git,${version},,mvn -Papache-release clean package -DskipTests -Dmaven.javadoc.skip -Dgpg.skip,,true,false,DISCOVERED,pilot-primary
RCM-06464,content/org/apache/commons/commons-beanutils2/commons-beanutils2-2.0.0-M1.buildspec,401dd136e050e8d7e0cc90fedd15edf1b07aadcca05e55f15a138caa4f2f0597,org.apache.commons,commons-beanutils2,2.0.0-M1,mvn,mvn,21,https://github.com/apache/commons-beanutils.git,rel/commons-beanutils-${version},,mvn clean verify -DskipTests -Dgpg.skip -Dmaven.javadoc.skip -Dbuildinfo.ignore=,,true,false,DISCOVERED,pilot-primary
RCM-06507,content/org/apache/commons/commons-fileupload/commons-fileupload-1.6.0.buildspec,c94d22d67fbcaf7c2c40a05b21dc27319f475648819ad976017285956b08ba16,commons-fileupload,commons-fileupload,1.6.0,mvn,mvn,21,https://github.com/apache/commons-fileupload.git,rel/commons-fileupload-${version},,mvn clean verify -DskipTests -Dgpg.skip -Dmaven.javadoc.skip -Dbuildinfo.ignore=,,true,false,DISCOVERED,pilot-primary
RCM-09579,content/org/infinispan/protostream/protostream-6.0.0.Dev11.buildspec,f51366d752d0efd3b64b7122eee3fb916b4459153891fd82b8284562dd1bf373,org.infinispan.protostream,protostream-aggregator,6.0.0.Dev11,mvn,mvn,17,https://github.com/infinispan/protostream.git,${version},,mvn clean package -Pcommunity-release -DskipTests -Dmaven.javadoc.skip -Dgpg.skip -Djava.vendor=,,true,false,DISCOVERED,pilot-primary
RCM-10251,content/org/nlpub/watset/watset-2.3.1.buildspec,a8f75b78cb658d907e00a9ea5cb52fbc425230179e30b591f017042a4a9109db,org.nlpub,watset,2.3.1,mvn,mvn,11,https://github.com/nlpub/watset-java,${version},,mvn clean package -DskipTests -Dmaven.javadoc.skip -Dgpg.skip,,true,false,DISCOVERED,pilot-primary
RCM-05889,content/net/osslabz/electrum-client/electrum-client-0.0.1.buildspec,d1a816fdf05bd06ee107f07c897b7314467743739ebcfe2994c826da6372b4fa,net.osslabz,electrum-client,0.0.1,mvn,mvn,21,https://github.com/osslabz/${artifactId}.git,${version},,mvn -Papache-release clean package -DskipTests -Dmaven.javadoc.skip -Dgpg.skip,,true,false,DISCOVERED,pilot-primary
RCM-09717,content/org/jpmml/jpmml-h2o/jpmml-h2o-1.3.3.buildspec,eb9bacc81e52aadf677134b78013987adf9574254496ada5fcf8b4cd4c9381b2,org.jpmml,jpmml-h2o,1.3.3,mvn-3.9.6,mvn-3.9.6,11,https://github.com/jpmml/${artifactId}.git,${version},,mvn -Psonatype-oss-release clean package -DskipTests -Dmaven.javadoc.skip -Dgpg.skip,,true,false,DISCOVERED,pilot-primary
RCM-08902,content/org/codehaus/mojo/build-helper-maven-plugin/build-helper-maven-plugin-3.4.0.buildspec,b7a15e2e35ecbc3061cd51abdc40ed09b8ac1f18dd0a4594e302fed712b5d59c,org.codehaus.mojo,build-helper-maven-plugin,3.4.0,mvn-3.9.1,mvn-3.9.1,17,https://github.com/mojohaus/${artifactId}.git,${version},,mvn -Pmojo-release clean package -DskipTests -Dmaven.javadoc.skip -Dgpg.skip,,true,false,DISCOVERED,pilot-primary
RCM-00551,content/com/fasterxml/jackson/datatype/jackson-datatypes-collections/jackson-datatypes-collections-2.17.2.buildspec,4d7bcbe9c822b8987451fa906ddb0526539b81f05802d8bb49c5e5d8f8bdd989,com.fasterxml.jackson.datatype,jackson-datatypes-collections,2.17.2,mvn,mvn,8,https://github.com/FasterXML/jackson-datatypes-collections.git,${artifactId}-${version},,mvn clean package -Prelease -DskipTests -Dmaven.javadoc.skip -Dgpg.skip,,true,false,DISCOVERED,pilot-primary
RCM-08876,content/org/clojure/clojure-1.13.0-alpha3.buildspec,02c58e0f05c1494d229258be4cee55b2f1d650912f651252ad79d584f31f66b9,org.clojure,clojure,1.13.0-alpha3,mvn-3.9.12,mvn-3.9.12,8,https://github.com/clojure/clojure.git,${artifactId}-${version},,mvn clean package -Dmaven.test.skip=true -Dmaven.javadoc.skip -Dgpg.skip,,true,false,DISCOVERED,pilot-primary
RCM-01185,content/com/github/marschall/locking-datasource/locking-datasource-1.0.0.buildspec,97f165e340b8c7381833090817fb3e67f7d908dbbcc4a2016af6771759fcc3cc,com.github.marschall,locking-datasource,1.0.0,mvn-3.9.11,mvn-3.9.11,17,https://github.com/marschall/locking-datasource.git,${version},,mvn clean package -DskipTests -Dmaven.javadoc.skip -Dgpg.skip,,true,false,DISCOVERED,pilot-primary
RCM-10808,content/pl/com/labaj/auto-record/auto-record-2.0.0.buildspec,b99f0a1ec3e5130a70dc861cad0a6ba0c88245f762742636f5ee16e527c0ae87,pl.com.labaj,auto-record,2.0.0,mvn,mvn,17,https://github.com/pawellabaj/auto-record.git,v${version},,mvn -Prelease clean package -DskipTests -Dmaven.javadoc.skip -Dgpg.skip,,true,false,DISCOVERED,pilot-primary
RCM-02877,content/eu/maveniverse/maven/shared/shared/shared-0.1.0.buildspec,09d94e4dbeb82fce836a94fa96b9a3cf49cb49a67298181da698b47e249e1ff3,eu.maveniverse.maven.shared,shared,0.1.0,mvn-3.9.9,mvn-3.9.9,21,https://github.com/maveniverse/maven-${artifactId}.git,release-${version},,mvn -Pmaveniverse-release clean package -DskipTests -Dgpg.skip -Denforcer.skip,,true,false,DISCOVERED,pilot-primary
RCM-10456,content/org/sentrysoftware/metricshub-community-connectors/metricshub-community-connectors-1.0.07.buildspec,02cb4b33909c87e124eded1a848348a1eedec4044eabe7fdd372a95a3b03f39b,org.sentrysoftware,metricshub-community-connectors,1.0.07,mvn,mvn,17,https://github.com/sentrysoftware/${artifactId}.git,v${version},,mvn clean package -DskipTests -Dmaven.javadoc.skip -Dgpg.skip -Dbuildinfo.ignore=,,true,false,DISCOVERED,pilot-primary
RCM-05926,content/net/revelc/code/impsort-maven-plugin/impsort-maven-plugin-1.9.0.buildspec,f1528dfcde2b2cd897f204aca7c1dcdbf636690a8cbf5aeae5aca19c10bd283e,net.revelc.code,impsort-maven-plugin,1.9.0,mvn,mvn,17,https://github.com/revelc/${artifactId}.git,${artifactId}-${version},,mvn -Papache-release clean package -DskipTests -Dmaven.javadoc.skip -Dgpg.skip,,true,false,DISCOVERED,pilot-primary
RCM-08901,content/org/codehaus/mojo/aspectj-maven-plugin/aspectj-maven-plugin-1.16.0.buildspec,c5b10a6293d333cdb35715f9cfa99d1d1ccf67eef3430274f9b6b99168da3470,org.codehaus.mojo,aspectj-maven-plugin,1.16.0,mvn-3.9.5,mvn-3.9.5,21,https://github.com/mojohaus/${artifactId}.git,${artifactId}-${version},,mvn -Pmojo-release clean package -Dmaven.javadoc.skip -Dgpg.skip,,true,false,DISCOVERED,pilot-primary
RCM-04691,content/io/github/ollama4j/ollama4j-1.1.5.buildspec,20c5a7d77ce6aca8bf83f12152aa3df43cc57819e31d14aa19b44107765f782f,io.github.ollama4j,ollama4j,1.1.5,mvn,mvn,21,https://github.com/ollama4j/ollama4j.git,${version},,mvn -Papache-release clean package -DskipTests -Dmaven.javadoc.skip -Dgpg.skip,,true,false,DISCOVERED,pilot-primary
RCM-05307,content/io/takari/maven/plugins/takari-lifecycle-plugin/takari-lifecycle-plugin-2.1.6.buildspec,b428c2d98c43c6f2fd094f3b80f1450948561fd4af2bb87499c978efffe1780c,io.takari.maven.plugins,takari-lifecycle-plugin,2.1.6,mvn,mvn,11,https://github.com/takari/takari-lifecycle.git,takari-lifecycle-${version},,mvn clean package -DskipTests -Dmaven.javadoc.skip -Dgpg.skip -Dbuildinfo.detect.skip=false -Dbuildinfo.skipModules=,,true,false,DISCOVERED,pilot-primary
RCM-07474,content/org/apache/maven/plugins/maven-wrapper-plugin/wrapper-3.1.0.buildspec,64e508977dfb7e0d0a231dc821959adaaf4b768e0644d0e6799b1228b04ab7f6,org.apache.maven.wrapper,maven-wrapper-parent,3.1.0,mvn,mvn,8,https://github.com/apache/maven-wrapper.git,${artifactId}-${version},,mvn -Papache-release clean package -DskipTests -Dmaven.javadoc.skip -Dgpg.skip,,true,false,DISCOVERED,pilot-primary
RCM-11073,content/tools/jackson/jr/jackson-jr-3.0.0-rc8.buildspec,52f05746263548194f13f3bce9f317412cc7cb9d9e156054eab3d19cf1af6ab1,tools.jackson.jr,jackson-jr-parent,3.0.0-rc8,mvn-3.9.11,mvn-3.9.11,17,https://github.com/FasterXML/jackson-jr.git,${artifactId}-${version},,mvn -Prelease clean package -DskipTests -Dmaven.javadoc.skip -Dgpg.skip -Dbuildinfo.ignore=,,true,false,DISCOVERED,pilot-primary
RCM-08887,content/org/codehaus/modello/modello-2.5.0.buildspec,dd54709f7ff7ede29ce67be747228c1553a8427ca9b9c668c081f2ef8280c17e,org.codehaus.modello,modello,2.5.0,mvn,mvn,21,https://github.com/codehaus-plexus/${artifactId}.git,${artifactId}-${version},,mvn -Pmodello-release clean package -DskipTests -Dmaven.javadoc.skip -Dgpg.skip,,true,false,DISCOVERED,pilot-primary
RCM-02324,content/de/cuioss/cui-java-tools/cui-java-tools-2.6.2.buildspec,504929cfcd55ea500a41d79f3ba1ab127a35ed7a97cdebc0741b6fc443d90847,de.cuioss,cui-java-tools,2.6.2,mvn-3.9.9,mvn-3.9.9,21,https://github.com/cuioss/${artifactId}.git,${version},,mvn -Prelease clean package -DskipTests -Dmaven.javadoc.skip -Dgpg.skip -Dbuildinfo.detect.skip=false,,true,false,DISCOVERED,pilot-primary
RCM-07321,content/org/apache/maven/plugins/maven-jar-plugin/maven-jar-plugin-3.4.2.buildspec,8dc07879275d72d44f3391c526db31c3d8c5d3109df825c42f95889a781832e9,org.apache.maven.plugins,maven-jar-plugin,3.4.2,mvn,mvn,21,https://github.com/apache/${artifactId}.git,${artifactId}-${version},,mvn -Papache-release clean package -DskipTests -Dmaven.javadoc.skip -Dgpg.skip,,true,false,DISCOVERED,pilot-primary
RCM-09724,content/org/jpmml/jpmml-lightgbm/jpmml-lightgbm-1.5.6.buildspec,2fb5906d542597526bb4e0c10597b6c62541e62934c6db63397a6e6ff26057ee,org.jpmml,jpmml-lightgbm,1.5.6,mvn-3.9.6,mvn-3.9.6,8,https://github.com/jpmml/${artifactId}.git,${version},,mvn -Psonatype-oss-release clean package -DskipTests -Dmaven.javadoc.skip -Dgpg.skip,,true,false,DISCOVERED,pilot-primary
RCM-08036,content/org/apache/ratis/ratis-thirdparty/ratis-thirdparty-1.0.7.buildspec,87da6124392ea994c31e025e82bd96516ffa756a3415c1e187d060aec7a9fa80,org.apache.ratis,ratis-thirdparty,1.0.7,mvn,mvn,8,https://github.com/apache/${artifactId}.git,${version},,mvn -Papache-release -Prelease clean package -DskipTests -Dmaven.javadoc.skip -Dgpg.skip,,true,false,DISCOVERED,pilot-primary
RCM-02523,content/eu/europa/ec/joinup/sat/jdplus-experimental/jdplus-experimental-1.0.2.buildspec,116cedee0c1823be55be681665b93d1ce7654e28c6455c84ec74508f2f7037ce,eu.europa.ec.joinup.sat,jdplus-experimental,1.0.2,mvn,mvn,21,https://github.com/jdemetra/jdplus-experimental.git,v${version},,mvn -Pbase-deploy clean package -DskipTests -Dmaven.javadoc.skip -Dgpg.skip,,true,false,DISCOVERED,pilot-primary
RCM-07770,content/org/apache/mina/ftpserver/mina-ftpserver-1.2.0.buildspec,6e090199f674322601da51a3987072e92e4ef03cbc5b57e3cf9303d36bf39066,org.apache.ftpserver,ftpserver-parent,1.2.0,mvn-3.9.3,mvn-3.9.3,8,https://github.com/apache/mina-ftpserver.git,${version},,mvn -Papache-release clean package -DskipTests -Dmaven.javadoc.skip -Dgpg.skip,,true,false,DISCOVERED,pilot-primary
RCM-01439,content/com/github/veithen/maven/jacoco-report-maven-plugin/jacoco-report-maven-plugin-0.4.0.buildspec,97e4fa669100d120c773831a72150096b3f236b3d5cf4c0fcd4c6c2531a4fd9f,com.github.veithen.maven,jacoco-report-maven-plugin,0.4.0,mvn,mvn,11,https://github.com/veithen/${artifactId}.git,${version},,mvn clean package -Prelease -DskipTests -Dmaven.javadoc.skip -Dgpg.skip,,true,false,DISCOVERED,pilot-primary
RCM-02411,content/de/gematik/pki/gemlibpki-old/gemLibPki-0.9.1.buildspec,43ed30adfa82e9b3d7693a8894d5c9804f668c1b9a23820b88197de6b6cce861,de.gematik.pki.gemlibpki,gemLibPki,0.9.1,mvn,mvn,17,https://github.com/gematik/ref-GemLibPki.git,${version},,mvn clean package -DskipTests -Dmaven.javadoc.skip,,true,false,DISCOVERED,pilot-primary
RCM-02137,content/com/semanticcms/semanticcms-core-bom-book/semanticcms-core-bom-book-2.0.1.buildspec,86b399293a6e996e6e26c0a0f4ab2d151d151ae3fc162f2cac898b361c2841f5,com.semanticcms,semanticcms-core-bom-book,2.0.1,mvn-3.9.3,mvn-3.9.3,21,https://github.com/ao-apps/semanticcms-core-bom.git,${artifactId}-${version},,mvn -f book -Prelease clean package -DskipTests -Dmaven.javadoc.skip -Dgpg.skip,,true,false,DISCOVERED,pilot-primary
RCM-08016,content/org/apache/qpid/proton-j/proton-j-0.34.1.buildspec,4c6379094e36f1852b666d845755a8847e09b487eef165f6a02ac03c8ecf1bcf,org.apache.qpid,proton-j-parent,0.34.1,mvn,mvn,8,https://github.com/apache/qpid-proton-j.git,${version},,mvn -Papache-release clean package -DskipTests -Dmaven.javadoc.skip -Dgpg.skip,,true,false,DISCOVERED,pilot-primary
RCM-06833,content/org/apache/hugegraph/hugegraph-1.5.0.buildspec,9dbbc80954a284cae5ad2ed37ccc38486e2bc4151912be56c29a5c17b58e62c6,org.apache.hugegraph,hugegraph,1.5.0,mvn-3.8.8,mvn-3.8.8,11,https://github.com/apache/hugegraph.git,${version},,mvn -Papache-release package -DskipTests -Dmaven.javadoc.skip -Dgpg.skip,,true,false,DISCOVERED,pilot-primary
RCM-04658,content/io/github/jmkeyes/httpclient-proxy-protocol/httpclient-proxy-protocol-0.3.0.buildspec,76eab409a8727a2e037462999af8596d87422e509b5d4920d80501d2cab6b999,io.github.jmkeyes,httpclient-proxy-protocol,0.3.0,mvn-3.9.9,mvn-3.9.9,17,https://github.com/jmkeyes/${artifactId}.git,${version},,mvn -Pmaven-central clean package -DskipTests -Dmaven.javadoc.skip -Dgpg.skip,,true,false,DISCOVERED,pilot-primary
RCM-07355,content/org/apache/maven/plugins/maven-pdf-plugin/maven-pdf-plugin-1.6.2.buildspec,ef03578de173e2f7cba2a3b7667a4a35ac086062d6018b0469ddf2366523861a,org.apache.maven.plugins,maven-pdf-plugin,1.6.2,mvn,mvn,21,https://github.com/apache/${artifactId}.git,${artifactId}-${version},,mvn -Papache-release clean package -DskipTests -Dmaven.javadoc.skip -Dgpg.skip,,true,false,DISCOVERED,pilot-primary
RCM-08848,content/org/apache/ws/commons/axiom/axiom-1.4.0.buildspec,e17182aee69cd8e9cc4014fcfe4194a6c4d121cf197b132aaa791af7cfd78b5c,org.apache.ws.commons.axiom,axiom,1.4.0,mvn,mvn,11,https://github.com/apache/ws-${artifactId}.git,${version},,mvn -Papache-release clean package -DskipTests -Dgpg.skip,,true,false,DISCOVERED,pilot-primary
RCM-06985,content/org/apache/logging/log4j/log4j/log4j-2.24.1.buildspec,45083c8242f205e39cca15ca5a0d28d2a5cc3b72d3a977d751f0ff1859f88cd0,org.apache.logging.log4j,log4j,2.24.1,mvn-3.9.3,mvn-3.9.3,17,https://github.com/apache/logging-log4j2.git,rel/${version},,mvn -Prelease clean package -DskipTests -Dmaven.javadoc.skip,,true,false,DISCOVERED,pilot-primary
RCM-08064,content/org/apache/servicemix/tooling/depends-maven-plugin/depends-maven-plugin-1.5.0.buildspec,c2c1c2c6f8e3acdf26170bffc65c0986d2539c4606ccf07bf748650fe72a8082,org.apache.servicemix.tooling,depends-maven-plugin,1.5.0,mvn,mvn,11,https://github.com/apache/servicemix-maven-plugins.git,${artifactId}-${version},,mvn -f ${artifactId} -Prelease clean package -DskipTests -Dmaven.javadoc.skip -Dgpg.skip,,true,false,DISCOVERED,pilot-primary
RCM-06102,content/nl/basjes/parse/httpdlog/httpdlog-parser/httpdlog-parser-5.9.0.buildspec,3707e03205598accda4add2e91056f7dbf7bef0744f4a73db2e8ae1b379c5806,nl.basjes.parse.httpdlog,httpdlog-parser,5.9.0,mvn-3.9.1,mvn-3.9.1,17,https://github.com/nielsbasjes/logparser,v${version},,mvn -Prelease clean verify -DskipTests -Dmaven.javadoc.skip -Dgpg.skip,,true,false,DISCOVERED,pilot-primary
RCM-05655,content/io/wcm/tooling/commons/crx-packmgr-helper/wcm-crx-packmgr-helper-2.1.2.buildspec,6c5c8a9d78496db62cb8e466928d3f65d30a4c96af6c8e3fb62b7c38e2d5cef0,io.wcm.tooling.commons,io.wcm.tooling.commons.crx-packmgr-helper,2.1.2,mvn,mvn,11,https://github.com/wcm-io/${artifactId}.git,${version},,mvn -Pio.wcm clean package -DskipTests -Dmaven.javadoc.skip,,true,false,DISCOVERED,pilot-primary
RCM-08796,content/org/apache/tika/tika-2.2.1.buildspec,e49b620f054a6475f9547cd5aaa19086f18221876a67ada21e126fcf2698f404,org.apache.tika,tika,2.2.1,mvn,mvn,8,https://github.com/apache/${artifactId}.git,${version},,mvn -Papache-release clean package -DskipTests -Dmaven.javadoc.skip -Dgpg.skip -Dossindex.skip,,true,false,DISCOVERED,pilot-primary
RCM-07209,content/org/apache/maven/plugins/maven-changes-plugin/maven-changes-plugin-3.0.0-M1.buildspec,8824f4bc4bccaecac070620064d16fa755e19e76d057d428c4e26a3023f955d1,org.apache.maven.plugins,maven-changes-plugin,3.0.0-M1,mvn,mvn,21,https://github.com/apache/${artifactId}.git,${artifactId}-${version},,mvn -Papache-release clean package -DskipTests -Dmaven.javadoc.skip -Dgpg.skip,,true,false,DISCOVERED,pilot-primary
RCM-10568,content/org/spdx/java-spdx-library/java-spdx-library-1.1.12.buildspec,e1d3ca8b118d1225444e21c1ee221fd745f86a7e39c2d85e7dba8a231963e6f5,org.spdx,java-spdx-library,1.1.12,mvn,mvn,17,https://github.com/spdx/Spdx-Java-Library.git,v${version},,mvn -Prelease clean verify -DskipTests -Dmaven.javadoc.skip -Dgpg.skip -Dspdx.skip,,true,false,DISCOVERED,pilot-primary
RCM-04747,content/io/github/shanqiang-sq/jstream/jstream-1.0.26.buildspec,0f6c9cf07d0cf6628b50cf4fff8730c6931ce31ca076f2705fc22709670f027e,io.github.shanqiang-sq,jstream,1.0.26,mvn,mvn,8,https://github.com/shanqiang-sq/jstream,jstream-root-${version},,mvn -Papache-release clean package -DskipTests -Dmaven.javadoc.skip -Dgpg.skip,,true,false,DISCOVERED,pilot-primary
RCM-05604,content/io/wcm/io.wcm.wcm/commons/wcm-commons-1.9.0.buildspec,92d1e7358d03e9711311357f58d74be8347ae0a6db17fadbcbd02ba7cd6ab6d0,io.wcm,io.wcm.wcm.commons,1.9.0,mvn,mvn,11,https://github.com/wcm-io/wcm-io-wcm.git,${artifactId}-${version},,mvn -f commons/pom.xml -Pio.wcm clean package -DskipTests -Dmaven.buildNumber.skip -DbuildNumber=${buildNumber} -Dtimestamp=${timestamp},,true,false,DISCOVERED,pilot-primary
RCM-02299,content/com/taobao/arthas/arthas-3.7.3.buildspec,07135bf51c63f4f9e4b4ef2a1ab5ad66974aae61c00ac30e5f109cf55e54ffd0,com.taobao.arthas,arthas-all,3.7.3,mvn,mvn,11,https://github.com/alibaba/arthas.git,${artifactId}-${version},,mvn -Pfull clean package -DskipTests -Drpm.disabled -pl -arthas-vmtool,,true,false,DISCOVERED,pilot-primary
RCM-02258,content/com/spotify/github-client/github-client-0.4.9.buildspec,2c67a968f1488705d837d57f2fe65c9b57b2bfb278336c8305a01f3a75bf3f62,com.spotify,github-client,0.4.9,mvn-3.9.9,mvn-3.9.9,11,https://github.com/spotify/github-java-client.git,v${version},,"mvn -Pdeploy,coverage clean package -DskipTests -Dmaven.javadoc.skip -Dgpg.skip",,true,false,DISCOVERED,pilot-primary
RCM-10732,content/org/webjars/redoc/redoc-2.5.1.buildspec,eda7ed19703397c7168fc22d59f472d0fab48a0cd82302b0f9da0eb809c5b992,org.webjars,redoc,2.5.1,mvn,mvn,21,https://github.com/webjars/${artifactId}.git,${artifactId}-${version},,mvn clean package -DskipTests -Dmaven.javadoc.skip -Dgpg.skip,,true,false,DISCOVERED,pilot-primary
RCM-02353,content/de/cuioss/cui-parent-pom/cui-parent-pom-1.1.8.buildspec,cbaa77f81e3d0469a220f6c562078f6425a605b56285a21c1458977d2f5d19af,de.cuioss,cui-parent-pom,1.1.8,mvn-3.9.9,mvn-3.9.9,21,https://github.com/cuioss/${artifactId}.git,${version},,mvn -Prelease-pom clean package -DskipTests -Dmaven.javadoc.skip -Dgpg.skip -Dbuildinfo.detect.skip=false,,true,false,DISCOVERED,pilot-primary
RCM-08911,content/org/codehaus/mojo/buildplan-maven-plugin/buildplan-maven-plugin-2.1.0.buildspec,bc82e065b37f436ca29b2d9935dbc0ef50adc225d19966047cf0ed29fc5d12e5,org.codehaus.mojo,buildplan-maven-plugin,2.1.0,mvn,mvn,11,https://github.com/mojohaus/${artifactId}.git,v${version},,mvn -Pmojo-release clean package -DskipTests -Dmaven.javadoc.skip -Dgpg.skip,,true,false,DISCOVERED,pilot-primary
RCM-08894,content/org/codehaus/mojo/animal-sniffer/animal-sniffer-1.23.buildspec,f02056420aff62899d3aed9f91d186ca396dd8bacff7f944750e3c77e565bf8b,org.codehaus.mojo,animal-sniffer-parent,1.23,mvn-3.9.1,mvn-3.9.1,17,https://github.com/mojohaus/animal-sniffer.git,${version},,mvn -Pmojo-release clean package -DskipTests -Dmaven.javadoc.skip -Dgpg.skip,,true,false,DISCOVERED,pilot-primary
RCM-01690,content/com/innoq/junit5-logging-extension/junit5-logging-extension-0.2.0.buildspec,4db1a949e122860e57bbd96096de59a5da5811e6424ec10cfb27ee02bb1e5e2d,com.innoq,junit5-logging-extension,0.2.0,mvn,mvn,8,https://github.com/innoq/${artifactId}.git,${version},,mvn -Prelease clean package -DskipTests -Dmaven.javadoc.skip -Dgpg.skip,,true,false,DISCOVERED,pilot-primary
RCM-02132,content/com/semanticcms/semanticcms-core-all/semanticcms-core-all-1.10.0.buildspec,115a6a0e1c78ab512eb217d7a94fd00ee06a706b8c3299187bf4fc2879dc13ed,com.semanticcms,semanticcms-core-all,1.10.0,mvn-3.9.3,mvn-3.9.3,17,https://github.com/ao-apps/semanticcms-core-all.git,${artifactId}-${version},,mvn -Prelease clean package -DskipTests -Dmaven.javadoc.skip -Dgpg.skip,,true,false,DISCOVERED,pilot-primary
RCM-02539,content/eu/europa/ec/joinup/sat/jdplus-main/jdplus-main-3.6.0.buildspec,cdf05e72eab8516718f9b7793e664aa000d25b36b62d9f17b3705a90d77b284a,eu.europa.ec.joinup.sat,jdplus-main,3.6.0,mvn-3.9.9,mvn-3.9.9,21,https://github.com/jdemetra/jdplus-main.git,v${version},,mvn -Pbase-deploy clean package -DskipTests -Dmaven.javadoc.skip -Dgpg.skip,,true,false,DISCOVERED,pilot-primary
RCM-07431,content/org/apache/maven/plugins/maven-shade-plugin/maven-shade-plugin-3.6.1.buildspec,bb5c51d8c64be365f820eaf122f83042d64a06fb847df1a7be374c12483a60e7,org.apache.maven.plugins,maven-shade-plugin,3.6.1,mvn,mvn,21,https://github.com/apache/${artifactId}.git,${artifactId}-${version},,mvn -Papache-release clean package -DskipTests -Dmaven.javadoc.skip -Dgpg.skip,,true,false,DISCOVERED,pilot-primary
RCM-07473,content/org/apache/maven/plugins/maven-wrapper-plugin/maven-wrapper-plugin-3.0.2.buildspec,d797ce2120e6fcbdea3bba83456783f127b5e40add146e2cc748009af4373733,org.apache.maven.plugins,maven-wrapper-plugin,3.0.2,mvn,mvn,8,https://github.com/apache/${artifactId}.git,${artifactId}-${version},,mvn -Papache-release clean package -DskipTests -Dmaven.javadoc.skip -Dgpg.skip,,true,false,DISCOVERED,pilot-primary
RCM-09019,content/org/codehaus/mojo/properties-maven-plugin/properties-maven-plugin-1.2.0.buildspec,e0246dbb611d3228c82b4348cac82fbd89a285f87d5018495a6f499e5f09e162,org.codehaus.mojo,properties-maven-plugin,1.2.0,mvn-3.9.3,mvn-3.9.3,17,https://github.com/mojohaus/${artifactId}.git,${version},,mvn -Pmojo-release clean package -DskipTests -Dmaven.javadoc.skip -Dgpg.skip,,true,false,DISCOVERED,pilot-primary
RCM-03854,content/io/cucumber/compatibility-kit/compatibility-kit-29.1.1.buildspec,96c9a30e38b2e9289ab3f7b7ffefec1cd914ad3c85fa79e1a7b9e17775d27c01,io.cucumber,compatibility-kit,29.1.1,mvn-3.9.12,mvn-3.9.12,21,https://github.com/cucumber/${artifactId}.git,v${version},,mvn -f java -Psign-source-javadoc clean package -DskipTests -Dmaven.javadoc.skip -Dgpg.skip,,true,false,DISCOVERED,pilot-primary
RCM-02516,content/dev/sigstore/sigstore-maven-plugin/sigstore-maven-plugin-0.4.0.buildspec,d010c3d3da1de11f6a6385265dbca7c862a097cc1dc17ea3c07a048f9d57c9f5,dev.sigstore,sigstore-maven-plugin,0.4.0,mvn,mvn,11,https://github.com/sigstore/sigstore-maven-plugin.git,${artifactId}-${version},,mvn -Prelease clean package -DskipTests -Dmaven.javadoc.skip -Dgpg.skip,,true,false,DISCOVERED,pilot-primary
RCM-07416,content/org/apache/maven/plugins/maven-scm-publish-plugin/maven-scm-publish-plugin-3.2.1.buildspec,769f294b2e478a9d6f6208443b42486165f2b3b3faf35c922d3ed5c77cd63e24,org.apache.maven.plugins,maven-scm-publish-plugin,3.2.1,mvn,mvn,8,https://github.com/apache/${artifactId}.git,${artifactId}-${version},,mvn -Papache-release clean package -DskipTests -Dmaven.javadoc.skip -Dgpg.skip,,true,false,DISCOVERED,pilot-primary
RCM-09604,content/org/itsallcode/openfasttrace/openfasttrace-4.2.2.buildspec,af65caebba5df6a911c961df5f054d476c15d393882d7b513fffd643e5be3255,org.itsallcode.openfasttrace,openfasttrace,4.2.2,mvn-3.9.12,mvn-3.9.12,17,https://github.com/itsallcode/openfasttrace.git,${version},,mvn package -DskipTests -Dmaven.javadoc.skip -Dgpg.skip -Dbuildinfo.detect.skip=false -Dbuildinfo.skipModules=,,true,false,DISCOVERED,pilot-primary
RCM-06916,content/org/apache/jena/jena/jena-4.1.0.buildspec,11f902aa23bb7f41f463684c3dddc93b7b476bc3d413f7595706775fe7f5546b,org.apache.jena,jena,4.1.0,mvn,mvn,11,https://github.com/apache/${artifactId}.git,${artifactId}-${version},,mvn -Papache-release clean package -DskipTests -Dmaven.javadoc.skip -Dgpg.skip -Dbuild.time.xsd=${buildTimeXsd},,true,false,DISCOVERED,pilot-primary
RCM-09552,content/org/hibernate/validator/hibernate-validator/hibernate-validator-9.1.0.Alpha2.buildspec,baa12f6df6be5250a4a85cea928a0efb42ec8269ce5f01e12aaa257e15bbb8a0,org.hibernate.validator,hibernate-validator,9.1.0.Alpha2,mvn-3.9.11,mvn-3.9.11,21,https://github.com/hibernate/hibernate-validator.git,${version},,mvn clean verify -Preproducibility-check -Pjakarta-ee-staging,,true,false,DISCOVERED,pilot-primary
RCM-07964,content/org/apache/pulsar/pulsar-4.0.3.buildspec,74b25cd0ce239bd3abde118a8ad69932d39528724f7c45ae6c729883391d2f7c,org.apache.pulsar,pulsar,4.0.3,mvn-3.9.9,mvn-3.9.9,21,https://github.com/apache/pulsar.git,v${version},,mvn -Papache-release clean package -DskipTests -Dmaven.javadoc.skip -Dgpg.skip,,true,false,DISCOVERED,pilot-primary
RCM-10771,content/org/webjars/swagger-ui/swagger-ui-5.3.1.buildspec,984a6d071aa09f4ccd702e4022485d9d4cb5dc126656bb1509f13d247f7b254f,org.webjars,swagger-ui,5.3.1,mvn,mvn,8,https://github.com/webjars/${artifactId}.git,${artifactId}-${version},,mvn clean package -DskipTests -Dmaven.javadoc.skip -Dgpg.skip,,true,false,DISCOVERED,pilot-primary
RCM-07344,content/org/apache/maven/plugins/maven-jdeprscan-plugin/maven-jdeprscan-plugin-3.0.0.buildspec,1f690aba46b9de13f21ab7596a00c93809752a2c31f1c50f24aa7362f7252ee7,org.apache.maven.plugins,maven-jdeprscan-plugin,3.0.0,mvn,mvn,21,https://github.com/apache/${artifactId}.git,${artifactId}-${version},,mvn -Papache-release clean package -DskipTests -Dmaven.javadoc.skip -Dgpg.skip,,true,false,DISCOVERED,pilot-primary
RCM-10470,content/org/sentrysoftware/tablejoin/tablejoin-1.0.01.buildspec,bb73402e4e6b216ea2a521c7c906054398a1f973f1b86c8783562f1e9139d7a0,org.sentrysoftware,tablejoin,1.0.01,mvn,mvn,17,https://github.com/sentrysoftware/${artifactId}.git,v${version},,mvn clean package -DskipTests -Dmaven.javadoc.skip -Dgpg.skip,,true,false,DISCOVERED,pilot-primary
RCM-06313,content/org/apache/activemq/activemq-5.18.0.buildspec,1f6b95c6fd678a8b8ca0b76a12985559810fd9edafd4e40f75513a0919c151db,org.apache.activemq,activemq-parent,5.18.0,mvn,mvn,11,https://github.com/apache/activemq.git,activemq-${version},,mvn -Papache-release clean package -DskipTests -Dmaven.javadoc.skip -Dgpg.skip,,true,false,DISCOVERED,pilot-primary
RCM-04485,content/io/github/albertus82/jface-utils/jface-utils-19.0.4.buildspec,04ae355e57b0dde61a8c4aa35178dd005f8ff3877d110792d422164b69bfa41b,io.github.albertus82,jface-utils,19.0.4,mvn-3.8.5,mvn-3.8.5,11,https://github.com/albertus82/${artifactId}.git,v${version},,mvn -Papache-release clean package -DskipTests -Dmaven.javadoc.skip -Dgpg.skip,,true,false,DISCOVERED,pilot-primary
RCM-09425,content/org/eclipse/tycho/tycho-5.0.1.buildspec,896fd67aa15faa9fb5a9ddece9be1f6e9798498dac018a10fabe50046b7c52af,org.eclipse.tycho,tycho,5.0.1,mvn-3.9.11,mvn-3.9.11,21,https://github.com/eclipse-tycho/tycho.git,${artifactId}-${version},,mvn clean package -DskipTests,,true,false,DISCOVERED,pilot-primary
RCM-09596,content/org/itsallcode/openfasttrace-maven-plugin/openfasttrace-maven-plugin-2.3.0.buildspec,530685e6f97906bb3433d8b487945a754382ff5278908b13922310101dfe683f,org.itsallcode,openfasttrace-maven-plugin,2.3.0,mvn-3.9.8,mvn-3.9.8,17,https://github.com/itsallcode/openfasttrace-maven-plugin.git,${version},,mvn clean package -DskipTests -Dmaven.javadoc.skip -Dgpg.skip,,true,false,DISCOVERED,pilot-primary
RCM-07325,content/org/apache/maven/plugins/maven-jarsigner-plugin/maven-jarsigner-plugin-3.1.0.buildspec,12f324023b26b7369b04dd1ee40ab5a3545202993fdf3c5b85f8ceddd2c91535,org.apache.maven.plugins,maven-jarsigner-plugin,3.1.0,mvn,mvn,21,https://github.com/apache/${artifactId}.git,${artifactId}-${version},,mvn -Papache-release clean package -DskipTests -Dmaven.javadoc.skip -Dgpg.skip,,true,false,DISCOVERED,pilot-primary
RCM-06681,content/org/apache/directory/api/api-2.1.4.buildspec,59cef5128be60243c912d3440a863d3e6e1aea516d502c8a65239410b6083c7e,org.apache.directory.api,api-parent,2.1.4,mvn-3.8.6,mvn-3.8.6,8,https://github.com/apache/directory-ldap-api.git,${version},,mvn -Papache-release clean verify -DskipTests -Dmaven.javadoc.skip -Dgpg.skip,,true,false,DISCOVERED,pilot-primary
RCM-10468,content/org/sentrysoftware/ssh/ssh-1.0.02.buildspec,40c0c5c3cd330b8624e9645cd02e037ba2ddf93cd845fd82655f9c0857f03fb6,org.sentrysoftware,ssh,1.0.02,mvn,mvn,17,https://github.com/sentrysoftware/${artifactId}.git,v${version},,mvn clean package -DskipTests -Dmaven.javadoc.skip -Dgpg.skip,,true,false,DISCOVERED,pilot-primary
RCM-04970,content/io/liftwizard/liftwizard-2.1.6.buildspec,7bc2e65eec6681535c65a6d1d89376b14c05cdd90783af6ff2c71fd79c88d96c,io.liftwizard,liftwizard,2.1.6,mvn,mvn,17,https://github.com/motlin/${artifactId}.git,${version},,mvn -Pdeploy clean verify -DskipTests -Dmaven.javadoc.skip -Dgpg.skip,,true,false,DISCOVERED,pilot-primary
RCM-02403,content/de/gematik/pki/gemLibPki/gemLibPki-3.1.3.buildspec,96619f40ce02898edb04b002a727111ec6967fac1ddb1373feb42c7e888c30b7,de.gematik.pki,gemLibPki,3.1.3,mvn,mvn,17,https://github.com/gematik/ref-GemLibPki.git,${version},,mvn clean package -DskipTests -Dmaven.javadoc.skip,,true,false,DISCOVERED,pilot-primary
RCM-07185,content/org/apache/maven/plugins/maven-antrun-plugin/maven-antrun-plugin-3.2.0.buildspec,e871014f70985a7fd34224ba6683bcbc282b4a7f921f232669ea91bf02d33113,org.apache.maven.plugins,maven-antrun-plugin,3.2.0,mvn,mvn,21,https://github.com/apache/${artifactId}.git,${artifactId}-${version},,mvn -Papache-release clean package -DskipTests -Dmaven.javadoc.skip -Dgpg.skip,,true,false,DISCOVERED,pilot-primary
RCM-09779,content/org/jpmml/jpmml-r/jpmml-r-1.5.3.buildspec,49a7d2719cef1cbce93984d99a840479d298377a65d642c50720d8529d0fe549,org.jpmml,jpmml-r,1.5.3,mvn-3.9.6,mvn-3.9.6,8,https://github.com/jpmml/${artifactId}.git,${version},,mvn -Psonatype-oss-release clean package -DskipTests -Dmaven.javadoc.skip -Dgpg.skip,,true,false,DISCOVERED,pilot-primary
RCM-06830,content/org/apache/httpcomponents/parent/httpcomponents-parent-12.buildspec,fd263968fb20409151094b1b22343049d330d43bbf1364240d13410700d53b29,org.apache.httpcomponents,httpcomponents-parent,12,mvn,mvn,8,https://github.com/apache/${artifactId}.git,rel/v${version},,mvn -Papache-release clean package -DskipTests -Dmaven.javadoc.skip -Dgpg.skip,,true,false,DISCOVERED,pilot-primary
RCM-04810,content/io/jooby/jooby-3.4.0.buildspec,35240f6c1719553451930a51a34fc540c4c722b79d2388899b0955c4ae8e47db,io.jooby,jooby,3.4.0,mvn-3.9.3,mvn-3.9.3,17,https://github.com/jooby-project/${artifactId}.git,v${version},,mvn -Psource clean package -DskipTests -Dmaven.javadoc.skip -Dbuildinfo.skipModules=,,true,false,DISCOVERED,pilot-primary
RCM-09226,content/org/complate/java/complate-core-0.2.0.buildspec,f0a454d36c34c7d03b25b609843a5f6d644acc4e30773a22783f8422a2fbb8a8,org.complate,complate-core,0.2.0,mvn,mvn,8,https://github.com/complate/complate-java.git,v${version},,mvn -Prelease clean package -DskipTests -Dmaven.javadoc.skip -Dgpg.skip,,true,false,DISCOVERED,pilot-primary
RCM-08685,content/org/apache/sling/sling-maven-plugin/sling-maven-plugin-3.0.2.buildspec,903494a20c29a0b6985c7bc47bf3bc903bf950e154a43ea3d6d1ced07660a133,org.apache.sling,sling-maven-plugin,3.0.2,mvn,mvn,8,https://github.com/apache/${artifactId}.git,${artifactId}-${version},,mvn -Papache-release clean package -DskipTests -Dmaven.javadoc.skip -Dgpg.skip,,true,false,DISCOVERED,pilot-primary
RCM-04398,content/io/dwpbank/movewp3/microservice-security-autoconfiguration/microservice-security-autoconfiguration-3.0.2.buildspec,7381e4464bf312667c972ce7b3a5027f727aba5ecd51e261707870090b97166d,io.dwpbank.movewp3,microservice-security-autoconfiguration,3.0.2,mvn,mvn,17.0.8,https://github.com/movewp3/${artifactId}.git,v${version},,mvn -Pdeploy clean package -DskipTests -Dmaven.javadoc.skip -Dgpg.skip,,true,false,DISCOVERED,pilot-primary
RCM-02014,content/com/io7m/stmp/string-template-maven-plugin-2.0.0.buildspec,c689d1e020831714665f58ab900985b950a34531ac004d480e0716e357958b6c,com.io7m.stmp,string-template-maven-plugin,2.0.0,mvn-3.9.3,mvn-3.9.3,21,https://github.com/io7m/${artifactId}.git,com.io7m.${artifactId}-${version},,mvn -DskipTests clean package,,true,false,DISCOVERED,pilot-primary
RCM-04146,content/io/cucumber/teamcity-formatter/teamcity-formatter-0.2.0.buildspec,4e28a79cf5f65c6fb251f52bd3286f60318a1046500dffddb658d7be068592bd,io.cucumber,teamcity-formatter,0.2.0,mvn,mvn,17,https://github.com/cucumber/${artifactId}.git,v${version},,mvn -f java/pom.xml -Psign-source-javadoc clean package -DskipTests -Dmaven.javadoc.skip -Dgpg.skip,,true,false,DISCOVERED,pilot-primary
RCM-07716,content/org/apache/maven/shared/maven-verifier/maven-verifier-1.7.2.buildspec,a5d1c0cc43aa2a300694d6a11dd1598747bcf777bf2c7834e5957a3d0dca22b8,org.apache.maven.shared,maven-verifier,1.7.2,mvn,mvn,8,https://github.com/apache/${artifactId}.git,${artifactId}-${version},,mvn -Papache-release clean package -DskipTests -Dmaven.javadoc.skip -Dgpg.skip,,true,false,DISCOVERED,pilot-primary
RCM-07923,content/org/apache/plc4x/plc4x-code-generaton/plc4x-code-generaton-1.5.0.buildspec,ae3466ff5e440b4ffd3fe139014dc11494e798b9bb1116ee0d336e59cee78830,org.apache.plc4x.plugins,plc4x-code-generaton,1.5.0,mvn,mvn,11,https://github.com/apache/plc4x-build-tools.git,releases/code-generation/${version},,mvn -f code-generation -Papache-release clean package -DskipTests -Dmaven.javadoc.skip -Dgpg.skip,,true,false,DISCOVERED,pilot-primary
RCM-10085,content/org/metricshub/winrm-java/winrm-java-1.1.02.buildspec,a7c8a54a848bca1e8896416b6a47f37368d573502f4f0bf4d2bbc9597449f573,org.metricshub,winrm-java,1.1.02,mvn,mvn,17,https://github.com/MetricsHub/${artifactId}.git,v${version},,mvn clean package -DskipTests -Dmaven.javadoc.skip -Dgpg.skip,,true,false,DISCOVERED,pilot-primary
RCM-06517,content/org/apache/commons/commons-io/commons-io-2.21.0.buildspec,c66871a3d5c37b4118ccdeccd2c4821b598e2a787ac2a5fe2a15bf61128afeab,commons-io,commons-io,2.21.0,mvn,mvn,21,https://github.com/apache/commons-io.git,rel/${artifactId}-${version},,mvn clean package -DskipTests -Dmaven.javadoc.skip -Dgpg.skip -Dbuildinfo.ignore=*/*.spdx.json,,true,false,DISCOVERED,pilot-primary
RCM-08864,content/org/apache/zookeeper/zookeeper-3.8.1.buildspec,1652871fb87c17abb7a6c7859eb4e94f5f2a04ee405e7923ae0d3b8e09775f7f,org.apache.zookeeper,parent,3.8.1,mvn,mvn,8,https://github.com/apache/zookeeper.git,release-${version},,"mvn -Papache-release,fatjar clean package -DskipTests -Dmaven.javadoc.skip -Dgpg.skip -Dcyclonedx.skip",,true,false,DISCOVERED,pilot-primary
RCM-06835,content/org/apache/ignite/ignite-2.17.0.buildspec,80f02de51a8dc173c7a601bd60637accb06df06be14e10fc5d8f0df12cdff7df,org.apache.ignite,apache-ignite,2.17.0,mvn-3.9.9,mvn-3.9.9,11,https://github.com/apache/ignite.git,${version},,mvn -Prelease -Drevision=${version} verify -DskipTests -Dmaven.javadoc.skip -Dgpg.skip,,true,false,DISCOVERED,pilot-primary
RCM-07443,content/org/apache/maven/plugins/maven-site-plugin/maven-site-plugin-4.0.0-M11.buildspec,468a218e4779a4d3be9848781578ce1bf7c3b3c55b5e0f0548993faa35ff7e5e,org.apache.maven.plugins,maven-site-plugin,4.0.0-M11,mvn,mvn,8,https://github.com/apache/${artifactId}.git,${artifactId}-${version},https://archive.apache.org/dist/maven/plugins/${artifactId}-${version}-source-release.zip,mvn -Papache-release clean package -DskipTests -Dmaven.javadoc.skip -Dgpg.skip,,true,false,DISCOVERED,pilot-primary
RCM-05913,content/net/osslabz/turnstile-siteverify-client/turnstile-siteverify-client-0.4.0.buildspec,8e9aec2ba981c4650ec86066b54a175efb35fdebdc2943425000d0ca47396c1b,net.osslabz,turnstile-siteverify-client,0.4.0,mvn,mvn,21,https://github.com/osslabz/${artifactId}.git,${version},,mvn -Posslabz-release clean package -DskipTests -Dmaven.javadoc.skip -Dgpg.skip,,true,false,DISCOVERED,pilot-primary
RCM-07232,content/org/apache/maven/plugins/maven-compiler-plugin/maven-compiler-plugin-3.11.0.buildspec,16a0731967f8908f1afa204d0ab13a2566bf454b8b55e6bdaf634fe4e71e4219,org.apache.maven.plugins,maven-compiler-plugin,3.11.0,mvn,mvn,17,https://github.com/apache/${artifactId}.git,${artifactId}-${version},,mvn -Papache-release clean package -DskipTests -Dmaven.javadoc.skip -Dgpg.skip,,true,false,DISCOVERED,pilot-primary
RCM-09313,content/org/eclipse/angus/activation/angus-activation-2.0.2.buildspec,970d16dd9cace0ac040f447887a86ae6368d2884774d28a00cbc42876934c391,org.eclipse.angus,angus-activation-project,2.0.2,mvn,mvn,21,https://github.com/eclipse-ee4j/angus-activation.git,${version},,mvn -Poss-release clean package -DskipTests -Dmaven.javadoc.skip -Dgpg.skip,,true,false,DISCOVERED,pilot-primary
RCM-05726,content/io/yupiik/maven/plugin/yupiik-tools-maven-plugin-1.2.9.buildspec,d295f708816b5b1aba9d61dc7257e390789ad659f81db9a89c39bc4dfc333df9,io.yupiik.maven,yupiik-tools-maven-plugin-parent,1.2.9,mvn-3.9.9,mvn-3.9.9,21,https://github.com/yupiik/tools-maven-plugin.git,${artifactId}-${version},,mvn -Prelease clean package -DskipTests -Dmaven.javadoc.skip -Dgpg.skip,,true,false,DISCOVERED,pilot-primary
RCM-08056,content/org/apache/santuario/xmlsec/xmlsec-3.0.5.buildspec,d4db654cf5bb77c9f486eb2901666ef94e074c98f124da0933140b58b025f149,org.apache.santuario,xmlsec,3.0.5,mvn,mvn,8,https://github.com/apache/santuario-xml-security-java.git,${artifactId}-${version},,mvn -Papache-release clean package -DskipTests -Dmaven.javadoc.skip -Dgpg.skip,,true,false,DISCOVERED,pilot-primary
RCM-08830,content/org/apache/turbine/turbine-webapp-6.0/turbine-webapp-6.0-3.0.0.buildspec,83c2679c5d3da857a3bd9cd46cb1b4749788d18ad20dc7067e59db942f1cd6d3,org.apache.turbine,turbine-webapp-6.0,3.0.0,mvn,mvn,17,https://github.com/apache/turbine-archetypes.git,${artifactId}-${version},,mvn clean package -DskipTests -Dmaven.javadoc.skip -Dgpg.skip,,true,false,DISCOVERED,pilot-primary
RCM-06140,content/nl/basjes/sunspec/sunspec-device-parent/sunspec-device-parent-0.7.1.buildspec,87d6bb5232907a020a0e6e5429fb71c996a02b6737acccf3656c1c9d2cbf4891,nl.basjes.sunspec,sunspec-device-parent,0.7.1,mvn-3.9.9,mvn-3.9.9,21,https://github.com/nielsbasjes/sunspec-device.git,v${version},,mvn clean verify -PskipQuality,,true,false,DISCOVERED,pilot-primary
RCM-09316,content/org/eclipse/daanse/org.eclipse.daanse.pom.parent/org.eclipse.daanse.pom.parent-0.0.1.buildspec,4cf58cd62fac9dd97d012b0cb7d69c11e9c2760456523eeef9806c9a402b0a12,org.eclipse.daanse,org.eclipse.daanse.pom.parent,0.0.1,mvn-3.9.6,mvn-3.9.6,17,https://github.com/eclipse-daanse/org.eclipse.daanse.pom,v${version},,mvn -Papache-release clean package -DskipTests -Dmaven.javadoc.skip -Dgpg.skip,,true,false,DISCOVERED,pilot-primary
RCM-09937,content/org/jpmml/jpmml-statsmodels/jpmml-statsmodels-1.3.9.buildspec,e61b51d3cae27b7ce178c0e593c648a1ea3f4a7b789a15cd1dc22a22270646d4,org.jpmml,jpmml-statsmodels,1.3.9,mvn-3.9.12,mvn-3.9.12,11,https://github.com/jpmml/${artifactId}.git,${version},,mvn -Psonatype-oss-release clean package -DskipTests -Dmaven.javadoc.skip -Dgpg.skip,,true,false,DISCOVERED,pilot-primary
RCM-04667,content/io/github/jmkeyes/opensaml-message-converter/opensaml-message-converter-2.0.0.buildspec,cb96adea6ab3223272b4b41d59166f1f6e8a87e75bad3b589aef0f04960dfb90,io.github.jmkeyes,opensaml-message-converter,2.0.0,mvn-3.9.9,mvn-3.9.9,17,https://github.com/jmkeyes/${artifactId}.git,${version},,mvn -Pmaven-central clean package -DskipTests -Dmaven.javadoc.skip -Dgpg.skip,,true,false,DISCOVERED,pilot-primary
RCM-10935,content/tools/jackson/dataformat/jackson-dataformats-text/jackson-dataformats-text-3.1.0.buildspec,48d7b32afca9db83b8e376966c2a94e1c1f12dcfc1c76efc5d6f9b29df70505b,tools.jackson.dataformat,jackson-dataformats-text,3.1.0,mvn-3.9.11,mvn-3.9.11,17,https://github.com/FasterXML/jackson-dataformats-text.git,${artifactId}-${version},,mvn -Prelease clean package -DskipTests -Dmaven.javadoc.skip -Dgpg.skip -Dbuildinfo.ignore=,,true,false,DISCOVERED,pilot-primary
RCM-10396,content/org/quickperf/quick-sql-test-data/quick-sql-test-data-0.1.buildspec,d5674a3b1ddc799e947f1135dfcc0170eed8ede50b14f47b631f42184b8efe7d,org.quickperf,quick-sql-test-data,0.1,mvn,mvn,11,https://github.com/quick-perf/${artifactId}.git,${artifactId}-${version},,mvn clean package -Prelease -DskipTests -Dmaven.javadoc.skip -Dgpg.skip,,true,false,DISCOVERED,pilot-primary
RCM-03904,content/io/cucumber/cucumber-jvm/cucumber-jvm-7.21.1.buildspec,bd7099a160df507f03ad87c1560c44877a8a348ca9000d3001c7663f9ac1041a,io.cucumber,cucumber-jvm,7.21.1,mvn,mvn,17,https://github.com/cucumber/${artifactId}.git,v${version},,mvn -Psign-source-javadoc clean package -DskipTests -Dmaven.javadoc.skip -Dgpg.skip,,true,false,DISCOVERED,pilot-primary
RCM-06503,content/org/apache/commons/commons-exec/commons-exec-1.6.0.buildspec,18354c12157051ea3c221dbf953a0e2caa2ca0860da73c7364fb63b35506c48a,org.apache.commons,commons-exec,1.6.0,mvn,mvn,17,https://github.com/apache/commons-exec,rel/${artifactId}-${version},,mvn -Prelease clean:clean package -DskipTests -Dmaven.javadoc.skip -Dgpg.skip -Dcyclonedx.skip -Dcommons.release.dryRun -Dcommons.release.isDistModule -Dbuildinfo.ignore=,,true,false,DISCOVERED,pilot-primary
RCM-02170,content/com/semanticcms/semanticcms-parent-book/semanticcms-parent-book-2.1.0.buildspec,7f99e8d07e2f1999f38421e41a9b85b5de643e074a58f597723b54f88390bf84,com.semanticcms,semanticcms-parent-book,2.1.0,mvn-3.9.3,mvn-3.9.3,21,https://github.com/ao-apps/semanticcms-parent.git,${artifactId}-${version},,mvn -f book -Prelease clean package -DskipTests -Dmaven.javadoc.skip -Dgpg.skip,,true,false,DISCOVERED,pilot-primary
RCM-09093,content/org/codehaus/plexus/plexus-cli/plexus-cli-1.7.buildspec,62a6bc0669da35f520ccd06613c7cfa1ec1a412215aa93bbdf878a1eb40cf752,org.codehaus.plexus,plexus-cli,1.7,mvn,mvn,21,https://github.com/codehaus-plexus/${artifactId}.git,${artifactId}-${version},,mvn -Pplexus-release clean package -DskipTests -Dmaven.javadoc.skip -Dgpg.skip,,true,false,DISCOVERED,pilot-primary
RCM-07375,content/org/apache/maven/plugins/maven-project-info-reports-plugin/maven-project-info-reports-plugin-3.2.1.buildspec,8791a50ee3c4d2bf3056c750702a2e30c7e704a93a68b511173653eb240deae2,org.apache.maven.plugins,maven-project-info-reports-plugin,3.2.1,mvn,mvn,8,https://github.com/apache/${artifactId}.git,${artifactId}-${version},,mvn -Papache-release clean package -DskipTests -Dmaven.javadoc.skip -Dgpg.skip,,true,false,DISCOVERED,pilot-primary
RCM-07706,content/org/apache/maven/shared/maven-shared-jar/maven-shared-jar-3.1.1.buildspec,2d2cd04d0b1b1a7c8c6088023f95e668fd73ae05a86b8d9cc492d23217046551,org.apache.maven.shared,maven-shared-jar,3.1.1,mvn,mvn,8,https://github.com/apache/${artifactId}.git,${artifactId}-${version},,mvn -Papache-release clean package -DskipTests -Dmaven.javadoc.skip -Dgpg.skip,,true,false,DISCOVERED,pilot-primary
RCM-06648,content/org/apache/commons/rng/rng-1.5.buildspec,455676c16930356e0361ef8d41e396429ff33eb37f14df489feb2da45cbc3e77,org.apache.commons,commons-rng-parent,1.5,mvn,mvn,8,https://github.com/apache/commons-rng.git,rel/commons-rng-${version},,mvn -Prelease clean package -DskipTests -Dmaven.javadoc.skip -Dgpg.skip -Dcyclonedx.skip -Dcommons.release.dryRun -Dcommons.release.isDistModule=false,,true,false,DISCOVERED,pilot-primary
RCM-07046,content/org/apache/maven/doxia/doxia/doxia-2.0.0-M12.buildspec,1588e509a758bcaee6cf662db5ae06e1743b07370bc09683928084e4973f9142,org.apache.maven.doxia,doxia,2.0.0-M12,mvn,mvn,8,https://github.com/apache/maven-${artifactId}.git,${artifactId}-${version},,mvn -Papache-release clean package -DskipTests -Dmaven.javadoc.skip -Dgpg.skip,,true,false,DISCOVERED,pilot-primary
RCM-10874,content/tools/jackson/core/jackson-databind/jackson-databind-3.0.0-rc1.buildspec,79465368b95590a66334229c451544c089d316792498a525fb6989fccdd0f69b,tools.jackson.core,jackson-databind,3.0.0-rc1,mvn-3.9.9,mvn-3.9.9,17,https://github.com/FasterXML/${artifactId}.git,${artifactId}-${version},,mvn -Prelease clean package -DskipTests -Dmaven.javadoc.skip -Dgpg.skip,,true,false,DISCOVERED,pilot-primary
RCM-10084,content/org/metricshub/wbem-java/wbem-java-1.0.02.buildspec,28793aa244cb75646cb3539917ff4095ddccc0bc0937658bd75ec7f354ecf475,org.metricshub,wbem-java,1.0.02,mvn,mvn,17,https://github.com/MetricsHub/${artifactId}.git,v${version},,mvn clean package -DskipTests -Dmaven.javadoc.skip -Dgpg.skip,,true,false,DISCOVERED,pilot-primary
RCM-00894,content/com/github/hazendaz/base-parent/base-parent-41.buildspec,7751a6382e8e25ed2892fbcfbfbfa4b22c9a8c058d59394a4faee63378dbd9da,com.github.hazendaz,base-parent,41,mvn-3.9.9,mvn-3.9.9,17,https://github.com/hazendaz/${artifactId}.git,${artifactId}-${version},,mvn clean package -DskipTests -Dmaven.javadoc.skip -Dgpg.skip -Dlicense.skip,,true,false,DISCOVERED,pilot-primary
RCM-06398,content/org/apache/apache/resources/apache-resource-bundles-1.7.buildspec,923383209c8f6527e348ffa737be83c2fe6ec80688353c6c2dc8b0c498c770c5,org.apache.apache.resources,apache-resource-bundles,1.7,mvn,mvn,11,https://github.com/apache/maven-apache-resources.git,${artifactId}-${version},,mvn -Papache-release clean package -DskipTests -Dmaven.javadoc.skip -Dgpg.skip,,true,false,DISCOVERED,pilot-primary
RCM-07605,content/org/apache/maven/resolver/maven-resolver/maven-resolver-1.9.7.buildspec,48e07791565be6dcf8aece12735e12f33d25e261f5b69a6d0406ebbbd5138b5f,org.apache.maven.resolver,maven-resolver,1.9.7,mvn-3.8.6,mvn-3.8.6,17,https://github.com/apache/${artifactId}.git,${artifactId}-${version},,mvn -Papache-release clean package -DskipTests -Dmaven.javadoc.skip -Dgpg.skip,,true,false,DISCOVERED,pilot-primary
RCM-07088,content/org/apache/maven/executor/executor-1.0.0.buildspec,5c9a2e396db0cc5947fb6393344ada5668d16af1062cbb2c111d49746ddb6b5e,org.apache.maven.executor,executor,1.0.0,mvn-3.9.12,mvn-3.9.12,21,https://github.com/apache/maven-executor.git,${artifactId}-${version},,mvn -Papache-release clean package -DskipTests -Dmaven.javadoc.skip -Dgpg.skip,,true,false,DISCOVERED,pilot-primary
RCM-10600,content/org/tomitribe/transformer/org.eclipse.transformer.parent-0.1.1a.buildspec,af7a92e7de09dc867aca871d9a2cb8930f00c890c57d0ae588edda26aa17406f,org.tomitribe.transformer,org.eclipse.transformer.parent,0.1.1a,mvn,mvn,8,https://github.com/tomitribe/transformer.git,${artifactId}-${version},,mvn clean package -DskipTests -Dmaven.javadoc.skip -Dgpg.skip,,true,false,DISCOVERED,pilot-primary
RCM-09292,content/org/cyclonedx/cyclonedx-maven-plugin/cyclonedx-maven-plugin-2.7.10.buildspec,30f7ab0ec52bf622bfec345c043faae38a0f070dd960af6cecd3923389b4157b,org.cyclonedx,cyclonedx-maven-plugin,2.7.10,mvn,mvn,17,https://github.com/cyclonedx/${artifactId}.git,${artifactId}-${version},,mvn -Prelease clean package -DskipTests -Dmaven.javadoc.skip -Dgpg.skip,,true,false,DISCOVERED,pilot-primary
RCM-09024,content/org/codehaus/mojo/taglist-maven-plugin/taglist-maven-plugin-3.2.0.buildspec,d41b3f9ad2d3a453e866ed799418afeed87c6b835c537bfc45ad2931b816ba8c,org.codehaus.mojo,taglist-maven-plugin,3.2.0,mvn-3.9.6,mvn-3.9.6,21,https://github.com/mojohaus/${artifactId}.git,${version},,mvn -Pmojo-release clean package -DskipTests -Dmaven.javadoc.skip -Dgpg.skip,,true,false,DISCOVERED,pilot-primary
RCM-06376,content/org/apache/amoro/amoro-0.7.1-incubating.buildspec,3bd5516832af1e808a456050ecd4aff29fa26d11e7096d3f4aebd5cfe0234e66,org.apache.amoro,amoro-parent,0.7.1-incubating,mvn,mvn,8,https://github.com/apache/amoro.git,v${version},,"mvn -Papache-release,support-all-formats clean package -DskipTests -Dmaven.javadoc.skip -Dgpg.skip  -Djacoco.flink.skip",,true,false,DISCOVERED,pilot-primary
RCM-01256,content/com/github/nbbrd/nbbrd-maven-tools/nbbrd-maven-tools-1.1.0.buildspec,dbb99ebff70a7b82066d204134ed57bb78c97e0cc40f0d060e047210a9863fc3,com.github.nbbrd.nbbrd-maven-tools,nbbrd-maven-tools,1.1.0,mvn,mvn,21,https://github.com/nbbrd/${artifactId}.git,v${version},,mvn -Pbase-deploy clean package -DskipTests -Dmaven.javadoc.skip -Dgpg.skip,,true,false,DISCOVERED,pilot-primary
RCM-09445,content/org/fusesource/jansi/jansi/jansi-2.3.4.buildspec,aae5fe016ff068eb2b8467fe69355d9b228ea245b30e9f3a0cd90d3c88fde5db,org.fusesource.jansi,jansi,2.3.4,mvn,mvn,8,https://github.com/fusesource/${artifactId}.git,${artifactId}-${version},,mvn -Prelease clean package -DskipTests -Dmaven.javadoc.skip -Dgpg.skip,,true,false,DISCOVERED,pilot-primary
RCM-06886,content/org/apache/jackrabbit/jackrabbit/jackrabbit-2.23.4-beta.buildspec,25ff420a57b8e767ab7db35c32aaa6c8583ff0152c88cd02a2b1f826e99bb313,org.apache.jackrabbit,jackrabbit-parent,2.23.4-beta,mvn,mvn,11,https://github.com/apache/jackrabbit.git,jackrabbit-${version},,mvn -Papache-release package -DskipTests -Dmaven.javadoc.skip -Dgpg.skip,,true,false,DISCOVERED,pilot-primary
RCM-02094,content/com/ongres/stringprep/stringprep-aggregator-2.2.buildspec,d13dba012b01d23525a54a4ffbd740a33fc573a2821c14007c7ebba57d0b65f4,com.ongres.stringprep,stringprep-aggregator,2.2,mvn-3.9.8,mvn-3.9.8,21,https://github.com/ongres/stringprep.git,${version},,mvn clean package -P release -DskipTests -Dmaven.javadoc.skip -Dgpg.skip,,true,false,DISCOVERED,pilot-primary
RCM-08943,content/org/codehaus/mojo/flatten-maven-plugin/flatten-maven-plugin-1.2.7.buildspec,1c35c791490d1345252a9dcbc5bea1657e18c46c3eef0b1a8e076fc73b447cea,org.codehaus.mojo,flatten-maven-plugin,1.2.7,mvn,mvn,11,https://github.com/mojohaus/${artifactId}.git,${artifactId}-${version},,mvn -Pmojo-release clean package -DskipTests -Dmaven.javadoc.skip -Dgpg.skip,,true,false,DISCOVERED,pilot-primary
RCM-09745,content/org/jpmml/jpmml-model/jpmml-model-1.7.5.buildspec,0a4864e644b02ee5ddeec82ee0d39730947d2f7d5918b92d73278165d39354eb,org.jpmml,jpmml-model,1.7.5,mvn-3.9.6,mvn-3.9.6,11,https://github.com/jpmml/${artifactId}.git,${version},,mvn -Psonatype-oss-release clean package -DskipTests -Dmaven.javadoc.skip -Dgpg.skip,,true,false,DISCOVERED,pilot-primary
