candidate_id,cohort,source_population
RCM-01281,original-device2-d2-pass,portable-d2-passes-24
RCM-02653,original-device2-d2-pass,portable-d2-passes-24
RCM-02733,original-device2-d2-pass,portable-d2-passes-24
RCM-06669,original-device2-d2-pass,portable-d2-passes-24
RCM-07031,original-device2-d2-pass,portable-d2-passes-24
RCM-07075,original-device2-d2-pass,portable-d2-passes-24
RCM-07203,original-device2-d2-pass,portable-d2-passes-24
RCM-07217,original-device2-d2-pass,portable-d2-passes-24
RCM-07309,original-device2-d2-pass,portable-d2-passes-24
RCM-07348,original-device2-d2-pass,portable-d2-passes-24
RCM-07392,original-device2-d2-pass,portable-d2-passes-24
RCM-07502,original-device2-d2-pass,portable-d2-passes-24
RCM-08097,original-device2-d2-pass,portable-d2-passes-24
RCM-08664,original-device2-d2-pass,portable-d2-passes-24
RCM-09452,original-device2-d2-pass,portable-d2-passes-24
RCM-09997,original-device2-d2-pass,portable-d2-passes-24
RCM-10228,original-device2-d2-pass,portable-d2-passes-24
RCM-10415,original-device2-d2-pass,portable-d2-passes-24
RCM-10446,original-device2-d2-pass,portable-d2-passes-24
RCM-10471,original-device2-d2-pass,portable-d2-passes-24
RCM-10481,original-device2-d2-pass,portable-d2-passes-24
RCM-10565,original-device2-d2-pass,portable-d2-passes-24
RCM-10727,original-device2-d2-pass,portable-d2-passes-24
RCM-10804,original-device2-d2-pass,portable-d2-passes-24
RCM-00029,next-300-device2-d2-pass,next-300-d2-attempt-1
RCM-00045,next-300-device2-d2-pass,next-300-d2-attempt-1
RCM-00141,next-300-device2-d2-pass,next-300-d2-attempt-1
RCM-01073,next-300-device2-d2-pass,next-300-d2-attempt-1
RCM-01341,next-300-device2-d2-pass,next-300-d2-attempt-1
RCM-01378,next-300-device2-d2-pass,next-300-d2-attempt-1
RCM-01420,next-300-device2-d2-pass,next-300-d2-attempt-1
RCM-01434,next-300-device2-d2-pass,next-300-d2-attempt-1
RCM-02543,next-300-device2-d2-pass,next-300-d2-attempt-1
RCM-02631,next-300-device2-d2-pass,next-300-d2-attempt-1
RCM-03010,next-300-device2-d2-pass,next-300-d2-attempt-1
RCM-04368,next-300-device2-d2-pass,next-300-d2-attempt-1
RCM-04493,next-300-device2-d2-pass,next-300-d2-attempt-1
RCM-04656,next-300-device2-d2-pass,next-300-d2-attempt-1
RCM-05001,next-300-device2-d2-pass,next-300-d2-attempt-1
RCM-05634,next-300-device2-d2-pass,next-300-d2-attempt-1
RCM-05727,next-300-device2-d2-pass,next-300-d2-attempt-1
RCM-05876,next-300-device2-d2-pass,next-300-d2-attempt-1
RCM-06402,next-300-device2-d2-pass,next-300-d2-attempt-1
RCM-06957,next-300-device2-d2-pass,next-300-d2-attempt-1
RCM-07084,next-300-device2-d2-pass,next-300-d2-attempt-1
RCM-07196,next-300-device2-d2-pass,next-300-d2-attempt-1
RCM-07254,next-300-device2-d2-pass,next-300-d2-attempt-1
RCM-07268,next-300-device2-d2-pass,next-300-d2-attempt-1
RCM-07273,next-300-device2-d2-pass,next-300-d2-attempt-1
RCM-07351,next-300-device2-d2-pass,next-300-d2-attempt-1
RCM-07408,next-300-device2-d2-pass,next-300-d2-attempt-1
RCM-07516,next-300-device2-d2-pass,next-300-d2-attempt-1
RCM-07533,next-300-device2-d2-pass,next-300-d2-attempt-1
RCM-07668,next-300-device2-d2-pass,next-300-d2-attempt-1
RCM-07697,next-300-device2-d2-pass,next-300-d2-attempt-1
RCM-07711,next-300-device2-d2-pass,next-300-d2-attempt-1
RCM-07714,next-300-device2-d2-pass,next-300-d2-attempt-1
RCM-08095,next-300-device2-d2-pass,next-300-d2-attempt-1
RCM-08673,next-300-device2-d2-pass,next-300-d2-attempt-1
RCM-08879,next-300-device2-d2-pass,next-300-d2-attempt-1
RCM-09229,next-300-device2-d2-pass,next-300-d2-attempt-1
RCM-10060,next-300-device2-d2-pass,next-300-d2-attempt-1
RCM-10061,next-300-device2-d2-pass,next-300-d2-attempt-1
RCM-10075,next-300-device2-d2-pass,next-300-d2-attempt-1
RCM-10088,next-300-device2-d2-pass,next-300-d2-attempt-1
RCM-10089,next-300-device2-d2-pass,next-300-d2-attempt-1
RCM-10140,next-300-device2-d2-pass,next-300-d2-attempt-1
RCM-10355,next-300-device2-d2-pass,next-300-d2-attempt-1
RCM-10400,next-300-device2-d2-pass,next-300-d2-attempt-1
RCM-10418,next-300-device2-d2-pass,next-300-d2-attempt-1
RCM-10460,next-300-device2-d2-pass,next-300-d2-attempt-1
RCM-10527,next-300-device2-d2-pass,next-300-d2-attempt-1
RCM-10605,next-300-device2-d2-pass,next-300-d2-attempt-1
RCM-10638,next-300-device2-d2-pass,next-300-d2-attempt-1
RCM-10720,next-300-device2-d2-pass,next-300-d2-attempt-1
RCM-10724,next-300-device2-d2-pass,next-300-d2-attempt-1
RCM-10726,next-300-device2-d2-pass,next-300-d2-attempt-1
RCM-10787,next-300-device2-d2-pass,next-300-d2-attempt-1
