candidate_id,selection_role,scenario_id,attempt,status,exit_code,started_at,completed_at,duration_seconds,workspace_path,maven_repo_path,module_path,policy_source,policy_original_path,policy_submitted_path,policy_sha256,build_command,plugin_mode,force_scan,submit_only,fail_on_error,scan_id,scan_status,deduplicated,jar_sha256,result_zip,metadata_file,log_path,failure_category,notes
RCM-07196,pilot-primary,D1,1,PASS,0,2026-08-08T20:32:43+00:00,2026-08-08T20:33:05+00:00,21.99,work/pilot/RCM-07196/D1/attempt-1/workspace,results/next-300-d1-runs/RCM-07196/D1/attempt-1/m2,.,benchmark-fallback,/home/lnk85/SymmariesProjectBits/symmaries-maven-evaluation/config/policies/empty-sources-and-sinks.xml,/home/lnk85/SymmariesProjectBits/symmaries-maven-evaluation/config/policies/empty-sources-and-sinks.xml,3f2d50ad2de30a80ce3fcf7a7fd8ef57f2aa30bdd621bc753d6165b0790b27fc,timeout 20m mvn -B -ntp -s /home/lnk85/SymmariesProjectBits/symmaries-maven-evaluation/config/settings-pilot-host.xml -Dmaven.repo.local=/home/lnk85/SymmariesProjectBits/symmaries-maven-evaluation/results/next-300-d1-runs/RCM-07196/D1/attempt-1/m2 -Papache-release clean package -Dmaven.javadoc.skip -Dgpg.skip,none,false,false,true,,,,,,,results/next-300-d1-runs/RCM-07196/D1/attempt-1/maven.log,,Initial explicit-goal Symmaries pilot runner
RCM-08673,pilot-primary,D1,1,PASS,0,2026-08-08T20:42:19+00:00,2026-08-08T20:42:48+00:00,28.539,work/pilot/RCM-08673/D1/attempt-1/workspace,results/next-300-d1-runs/RCM-08673/D1/attempt-1/m2,.,benchmark-fallback,/home/lnk85/SymmariesProjectBits/symmaries-maven-evaluation/config/policies/empty-sources-and-sinks.xml,/home/lnk85/SymmariesProjectBits/symmaries-maven-evaluation/config/policies/empty-sources-and-sinks.xml,3f2d50ad2de30a80ce3fcf7a7fd8ef57f2aa30bdd621bc753d6165b0790b27fc,timeout 20m mvn -B -ntp -s /home/lnk85/SymmariesProjectBits/symmaries-maven-evaluation/config/settings-pilot-host.xml -Dmaven.repo.local=/home/lnk85/SymmariesProjectBits/symmaries-maven-evaluation/results/next-300-d1-runs/RCM-08673/D1/attempt-1/m2 -Papache-release clean package -DskipTests -Dmaven.javadoc.skip -Dgpg.skip,none,false,false,true,,,,,,,results/next-300-d1-runs/RCM-08673/D1/attempt-1/maven.log,,Initial explicit-goal Symmaries pilot runner
RCM-04368,pilot-primary,D1,1,PASS,0,2026-08-08T20:50:22+00:00,2026-08-08T20:50:31+00:00,9.185,work/pilot/RCM-04368/D1/attempt-1/workspace,results/next-300-d1-runs/RCM-04368/D1/attempt-1/m2,.,benchmark-fallback,/home/lnk85/SymmariesProjectBits/symmaries-maven-evaluation/config/policies/empty-sources-and-sinks.xml,/home/lnk85/SymmariesProjectBits/symmaries-maven-evaluation/config/policies/empty-sources-and-sinks.xml,3f2d50ad2de30a80ce3fcf7a7fd8ef57f2aa30bdd621bc753d6165b0790b27fc,timeout 20m /home/lnk85/SymmariesProjectBits/symmaries-maven-evaluation/work/pilot/RCM-04368/D1/attempt-1/workspace/mvnw -B -ntp -s /home/lnk85/SymmariesProjectBits/symmaries-maven-evaluation/config/settings-pilot-host.xml -Dmaven.repo.local=/home/lnk85/SymmariesProjectBits/symmaries-maven-evaluation/results/next-300-d1-runs/RCM-04368/D1/attempt-1/m2 -Prelease-sign-artifacts clean package -DskipTests -Dmaven.javadoc.skip -Dgpg.skip -Dcyclonedx.skip,none,false,false,true,,,,,,,results/next-300-d1-runs/RCM-04368/D1/attempt-1/maven.log,,Initial explicit-goal Symmaries pilot runner
RCM-01378,pilot-primary,D1,1,PASS,0,2026-08-08T20:50:31+00:00,2026-08-08T20:52:49+00:00,137.863,work/pilot/RCM-01378/D1/attempt-1/workspace,results/next-300-d1-runs/RCM-01378/D1/attempt-1/m2,.,benchmark-fallback,/home/lnk85/SymmariesProjectBits/symmaries-maven-evaluation/config/policies/empty-sources-and-sinks.xml,/home/lnk85/SymmariesProjectBits/symmaries-maven-evaluation/config/policies/empty-sources-and-sinks.xml,3f2d50ad2de30a80ce3fcf7a7fd8ef57f2aa30bdd621bc753d6165b0790b27fc,timeout 20m /home/lnk85/SymmariesProjectBits/symmaries-maven-evaluation/work/pilot/RCM-01378/D1/attempt-1/workspace/mvnw -B -ntp -s /home/lnk85/SymmariesProjectBits/symmaries-maven-evaluation/config/settings-pilot-host.xml -Dmaven.repo.local=/home/lnk85/SymmariesProjectBits/symmaries-maven-evaluation/results/next-300-d1-runs/RCM-01378/D1/attempt-1/m2 clean package -Prelease -DskipTests -Dmaven.javadoc.skip -Dgpg.skip,none,false,false,true,,,,,,,results/next-300-d1-runs/RCM-01378/D1/attempt-1/maven.log,,Initial explicit-goal Symmaries pilot runner
RCM-00029,pilot-primary,D1,1,PASS,0,2026-08-08T20:53:08+00:00,2026-08-08T20:53:24+00:00,16.075,work/pilot/RCM-00029/D1/attempt-1/workspace,results/next-300-d1-runs/RCM-00029/D1/attempt-1/m2,.,benchmark-fallback,/home/lnk85/SymmariesProjectBits/symmaries-maven-evaluation/config/policies/empty-sources-and-sinks.xml,/home/lnk85/SymmariesProjectBits/symmaries-maven-evaluation/config/policies/empty-sources-and-sinks.xml,3f2d50ad2de30a80ce3fcf7a7fd8ef57f2aa30bdd621bc753d6165b0790b27fc,timeout 20m mvn -B -ntp -s /home/lnk85/SymmariesProjectBits/symmaries-maven-evaluation/config/settings-pilot-host.xml -Dmaven.repo.local=/home/lnk85/SymmariesProjectBits/symmaries-maven-evaluation/results/next-300-d1-runs/RCM-00029/D1/attempt-1/m2 -Psonatype-oss-release clean package -DskipTests -Dmaven.javadoc.skip -Dgpg.skip,none,false,false,true,,,,,,,results/next-300-d1-runs/RCM-00029/D1/attempt-1/maven.log,,Initial explicit-goal Symmaries pilot runner
RCM-07273,pilot-primary,D1,1,PASS,0,2026-08-08T20:54:24+00:00,2026-08-08T20:54:36+00:00,11.205,work/pilot/RCM-07273/D1/attempt-1/workspace,results/next-300-d1-runs/RCM-07273/D1/attempt-1/m2,.,benchmark-fallback,/home/lnk85/SymmariesProjectBits/symmaries-maven-evaluation/config/policies/empty-sources-and-sinks.xml,/home/lnk85/SymmariesProjectBits/symmaries-maven-evaluation/config/policies/empty-sources-and-sinks.xml,3f2d50ad2de30a80ce3fcf7a7fd8ef57f2aa30bdd621bc753d6165b0790b27fc,timeout 20m mvn -B -ntp -s /home/lnk85/SymmariesProjectBits/symmaries-maven-evaluation/config/settings-pilot-host.xml -Dmaven.repo.local=/home/lnk85/SymmariesProjectBits/symmaries-maven-evaluation/results/next-300-d1-runs/RCM-07273/D1/attempt-1/m2 -Papache-release clean package -DskipTests -Dmaven.javadoc.skip -Dgpg.skip,none,false,false,true,,,,,,,results/next-300-d1-runs/RCM-07273/D1/attempt-1/maven.log,,Initial explicit-goal Symmaries pilot runner
RCM-10400,pilot-primary,D1,1,PASS,0,2026-08-08T20:55:09+00:00,2026-08-08T20:55:18+00:00,8.728,work/pilot/RCM-10400/D1/attempt-1/workspace,results/next-300-d1-runs/RCM-10400/D1/attempt-1/m2,.,benchmark-fallback,/home/lnk85/SymmariesProjectBits/symmaries-maven-evaluation/config/policies/empty-sources-and-sinks.xml,/home/lnk85/SymmariesProjectBits/symmaries-maven-evaluation/config/policies/empty-sources-and-sinks.xml,3f2d50ad2de30a80ce3fcf7a7fd8ef57f2aa30bdd621bc753d6165b0790b27fc,timeout 20m mvn -B -ntp -s /home/lnk85/SymmariesProjectBits/symmaries-maven-evaluation/config/settings-pilot-host.xml -Dmaven.repo.local=/home/lnk85/SymmariesProjectBits/symmaries-maven-evaluation/results/next-300-d1-runs/RCM-10400/D1/attempt-1/m2 clean package -DskipTests -Dmaven.javadoc.skip -Dgpg.skip,none,false,false,true,,,,,,,results/next-300-d1-runs/RCM-10400/D1/attempt-1/maven.log,,Initial explicit-goal Symmaries pilot runner
RCM-01341,pilot-primary,D1,1,PASS,0,2026-08-08T20:57:05+00:00,2026-08-08T20:57:27+00:00,22.227,work/pilot/RCM-01341/D1/attempt-1/workspace,results/next-300-d1-runs/RCM-01341/D1/attempt-1/m2,.,benchmark-fallback,/home/lnk85/SymmariesProjectBits/symmaries-maven-evaluation/config/policies/empty-sources-and-sinks.xml,/home/lnk85/SymmariesProjectBits/symmaries-maven-evaluation/config/policies/empty-sources-and-sinks.xml,3f2d50ad2de30a80ce3fcf7a7fd8ef57f2aa30bdd621bc753d6165b0790b27fc,timeout 20m /home/lnk85/SymmariesProjectBits/symmaries-maven-evaluation/work/pilot/RCM-01341/D1/attempt-1/workspace/mvnw -B -ntp -s /home/lnk85/SymmariesProjectBits/symmaries-maven-evaluation/config/settings-pilot-host.xml -Dmaven.repo.local=/home/lnk85/SymmariesProjectBits/symmaries-maven-evaluation/results/next-300-d1-runs/RCM-01341/D1/attempt-1/m2 clean package -DskipTests -Dmaven.javadoc.skip,none,false,false,true,,,,,,,results/next-300-d1-runs/RCM-01341/D1/attempt-1/maven.log,,Initial explicit-goal Symmaries pilot runner
RCM-05001,pilot-primary,D1,1,PASS,0,2026-08-08T21:09:25+00:00,2026-08-08T21:09:54+00:00,29.29,work/pilot/RCM-05001/D1/attempt-1/workspace,results/next-300-d1-runs/RCM-05001/D1/attempt-1/m2,.,benchmark-fallback,/home/lnk85/SymmariesProjectBits/symmaries-maven-evaluation/config/policies/empty-sources-and-sinks.xml,/home/lnk85/SymmariesProjectBits/symmaries-maven-evaluation/config/policies/empty-sources-and-sinks.xml,3f2d50ad2de30a80ce3fcf7a7fd8ef57f2aa30bdd621bc753d6165b0790b27fc,timeout 20m /home/lnk85/SymmariesProjectBits/symmaries-maven-evaluation/work/pilot/RCM-05001/D1/attempt-1/workspace/mvnw -B -ntp -s /home/lnk85/SymmariesProjectBits/symmaries-maven-evaluation/config/settings-pilot-host.xml -Dmaven.repo.local=/home/lnk85/SymmariesProjectBits/symmaries-maven-evaluation/results/next-300-d1-runs/RCM-05001/D1/attempt-1/m2 -Prelease clean package -DskipTests -Dmaven.javadoc.skip -Dgpg.skip,none,false,false,true,,,,,,,results/next-300-d1-runs/RCM-05001/D1/attempt-1/maven.log,,Initial explicit-goal Symmaries pilot runner
RCM-00141,pilot-primary,D1,1,PASS,0,2026-08-08T21:17:50+00:00,2026-08-08T21:18:40+00:00,50.143,work/pilot/RCM-00141/D1/attempt-1/workspace,results/next-300-d1-runs/RCM-00141/D1/attempt-1/m2,.,benchmark-fallback,/home/lnk85/SymmariesProjectBits/symmaries-maven-evaluation/config/policies/empty-sources-and-sinks.xml,/home/lnk85/SymmariesProjectBits/symmaries-maven-evaluation/config/policies/empty-sources-and-sinks.xml,3f2d50ad2de30a80ce3fcf7a7fd8ef57f2aa30bdd621bc753d6165b0790b27fc,timeout 20m /home/lnk85/SymmariesProjectBits/symmaries-maven-evaluation/work/pilot/RCM-00141/D1/attempt-1/workspace/mvnw -B -ntp -s /home/lnk85/SymmariesProjectBits/symmaries-maven-evaluation/config/settings-pilot-host.xml -Dmaven.repo.local=/home/lnk85/SymmariesProjectBits/symmaries-maven-evaluation/results/next-300-d1-runs/RCM-00141/D1/attempt-1/m2 -Prelease clean package -DskipTests -Dmaven.javadoc.skip -Dgpg.skip,none,false,false,true,,,,,,,results/next-300-d1-runs/RCM-00141/D1/attempt-1/maven.log,,Initial explicit-goal Symmaries pilot runner
RCM-10075,pilot-primary,D1,1,PASS,0,2026-08-08T21:18:55+00:00,2026-08-08T21:19:06+00:00,11.778,work/pilot/RCM-10075/D1/attempt-1/workspace,results/next-300-d1-runs/RCM-10075/D1/attempt-1/m2,.,benchmark-fallback,/home/lnk85/SymmariesProjectBits/symmaries-maven-evaluation/config/policies/empty-sources-and-sinks.xml,/home/lnk85/SymmariesProjectBits/symmaries-maven-evaluation/config/policies/empty-sources-and-sinks.xml,3f2d50ad2de30a80ce3fcf7a7fd8ef57f2aa30bdd621bc753d6165b0790b27fc,timeout 20m mvn -B -ntp -s /home/lnk85/SymmariesProjectBits/symmaries-maven-evaluation/config/settings-pilot-host.xml -Dmaven.repo.local=/home/lnk85/SymmariesProjectBits/symmaries-maven-evaluation/results/next-300-d1-runs/RCM-10075/D1/attempt-1/m2 clean package -DskipTests -Dmaven.javadoc.skip -Dgpg.skip,none,false,false,true,,,,,,,results/next-300-d1-runs/RCM-10075/D1/attempt-1/maven.log,,Initial explicit-goal Symmaries pilot runner
RCM-08879,pilot-primary,D1,1,PASS,0,2026-08-08T21:19:08+00:00,2026-08-08T21:19:26+00:00,18.644,work/pilot/RCM-08879/D1/attempt-1/workspace,results/next-300-d1-runs/RCM-08879/D1/attempt-1/m2,.,benchmark-fallback,/home/lnk85/SymmariesProjectBits/symmaries-maven-evaluation/config/policies/empty-sources-and-sinks.xml,/home/lnk85/SymmariesProjectBits/symmaries-maven-evaluation/config/policies/empty-sources-and-sinks.xml,3f2d50ad2de30a80ce3fcf7a7fd8ef57f2aa30bdd621bc753d6165b0790b27fc,timeout 20m mvn -B -ntp -s /home/lnk85/SymmariesProjectBits/symmaries-maven-evaluation/config/settings-pilot-host.xml -Dmaven.repo.local=/home/lnk85/SymmariesProjectBits/symmaries-maven-evaluation/results/next-300-d1-runs/RCM-08879/D1/attempt-1/m2 -ntp -B clean package -Dmaven.test.skip=true -Dmaven.javadoc.skip -Dgpg.skip source:jar,none,false,false,true,,,,,,,results/next-300-d1-runs/RCM-08879/D1/attempt-1/maven.log,,Initial explicit-goal Symmaries pilot runner
RCM-07533,pilot-primary,D1,1,PASS,0,2026-08-08T21:23:08+00:00,2026-08-08T21:23:23+00:00,15.387,work/pilot/RCM-07533/D1/attempt-1/workspace,results/next-300-d1-runs/RCM-07533/D1/attempt-1/m2,.,benchmark-fallback,/home/lnk85/SymmariesProjectBits/symmaries-maven-evaluation/config/policies/empty-sources-and-sinks.xml,/home/lnk85/SymmariesProjectBits/symmaries-maven-evaluation/config/policies/empty-sources-and-sinks.xml,3f2d50ad2de30a80ce3fcf7a7fd8ef57f2aa30bdd621bc753d6165b0790b27fc,timeout 20m mvn -B -ntp -s /home/lnk85/SymmariesProjectBits/symmaries-maven-evaluation/config/settings-pilot-host.xml -Dmaven.repo.local=/home/lnk85/SymmariesProjectBits/symmaries-maven-evaluation/results/next-300-d1-runs/RCM-07533/D1/attempt-1/m2 -Papache-release clean package -DskipTests -Dmaven.javadoc.skip -Dgpg.skip,none,false,false,true,,,,,,,results/next-300-d1-runs/RCM-07533/D1/attempt-1/maven.log,,Initial explicit-goal Symmaries pilot runner
RCM-10638,pilot-primary,D1,1,PASS,0,2026-08-08T21:23:23+00:00,2026-08-08T21:23:32+00:00,8.355,work/pilot/RCM-10638/D1/attempt-1/workspace,results/next-300-d1-runs/RCM-10638/D1/attempt-1/m2,.,benchmark-fallback,/home/lnk85/SymmariesProjectBits/symmaries-maven-evaluation/config/policies/empty-sources-and-sinks.xml,/home/lnk85/SymmariesProjectBits/symmaries-maven-evaluation/config/policies/empty-sources-and-sinks.xml,3f2d50ad2de30a80ce3fcf7a7fd8ef57f2aa30bdd621bc753d6165b0790b27fc,timeout 20m mvn -B -ntp -s /home/lnk85/SymmariesProjectBits/symmaries-maven-evaluation/config/settings-pilot-host.xml -Dmaven.repo.local=/home/lnk85/SymmariesProjectBits/symmaries-maven-evaluation/results/next-300-d1-runs/RCM-10638/D1/attempt-1/m2 clean package -DskipTests -Dmaven.javadoc.skip -Dgpg.skip,none,false,false,true,,,,,,,results/next-300-d1-runs/RCM-10638/D1/attempt-1/maven.log,,Initial explicit-goal Symmaries pilot runner
RCM-07408,pilot-primary,D1,1,PASS,0,2026-08-08T21:23:32+00:00,2026-08-08T21:23:58+00:00,26.572,work/pilot/RCM-07408/D1/attempt-1/workspace,results/next-300-d1-runs/RCM-07408/D1/attempt-1/m2,.,benchmark-fallback,/home/lnk85/SymmariesProjectBits/symmaries-maven-evaluation/config/policies/empty-sources-and-sinks.xml,/home/lnk85/SymmariesProjectBits/symmaries-maven-evaluation/config/policies/empty-sources-and-sinks.xml,3f2d50ad2de30a80ce3fcf7a7fd8ef57f2aa30bdd621bc753d6165b0790b27fc,timeout 20m mvn -B -ntp -s /home/lnk85/SymmariesProjectBits/symmaries-maven-evaluation/config/settings-pilot-host.xml -Dmaven.repo.local=/home/lnk85/SymmariesProjectBits/symmaries-maven-evaluation/results/next-300-d1-runs/RCM-07408/D1/attempt-1/m2 -Papache-release clean package -DskipTests -Dmaven.javadoc.skip -Dgpg.skip -Dbuildinfo.ignore=,none,false,false,true,,,,,,,results/next-300-d1-runs/RCM-07408/D1/attempt-1/maven.log,,Initial explicit-goal Symmaries pilot runner
RCM-10720,pilot-primary,D1,1,PASS,0,2026-08-08T21:23:58+00:00,2026-08-08T21:24:09+00:00,10.223,work/pilot/RCM-10720/D1/attempt-1/workspace,results/next-300-d1-runs/RCM-10720/D1/attempt-1/m2,.,benchmark-fallback,/home/lnk85/SymmariesProjectBits/symmaries-maven-evaluation/config/policies/empty-sources-and-sinks.xml,/home/lnk85/SymmariesProjectBits/symmaries-maven-evaluation/config/policies/empty-sources-and-sinks.xml,3f2d50ad2de30a80ce3fcf7a7fd8ef57f2aa30bdd621bc753d6165b0790b27fc,timeout 20m mvn -B -ntp -s /home/lnk85/SymmariesProjectBits/symmaries-maven-evaluation/config/settings-pilot-host.xml -Dmaven.repo.local=/home/lnk85/SymmariesProjectBits/symmaries-maven-evaluation/results/next-300-d1-runs/RCM-10720/D1/attempt-1/m2 clean package -DskipTests -Dmaven.javadoc.skip -Dgpg.skip,none,false,false,true,,,,,,,results/next-300-d1-runs/RCM-10720/D1/attempt-1/maven.log,,Initial explicit-goal Symmaries pilot runner
RCM-10726,pilot-primary,D1,1,PASS,0,2026-08-08T21:24:09+00:00,2026-08-08T21:24:25+00:00,15.96,work/pilot/RCM-10726/D1/attempt-1/workspace,results/next-300-d1-runs/RCM-10726/D1/attempt-1/m2,.,benchmark-fallback,/home/lnk85/SymmariesProjectBits/symmaries-maven-evaluation/config/policies/empty-sources-and-sinks.xml,/home/lnk85/SymmariesProjectBits/symmaries-maven-evaluation/config/policies/empty-sources-and-sinks.xml,3f2d50ad2de30a80ce3fcf7a7fd8ef57f2aa30bdd621bc753d6165b0790b27fc,timeout 20m mvn -B -ntp -s /home/lnk85/SymmariesProjectBits/symmaries-maven-evaluation/config/settings-pilot-host.xml -Dmaven.repo.local=/home/lnk85/SymmariesProjectBits/symmaries-maven-evaluation/results/next-300-d1-runs/RCM-10726/D1/attempt-1/m2 clean package -DskipTests -Dmaven.javadoc.skip -Dgpg.skip,none,false,false,true,,,,,,,results/next-300-d1-runs/RCM-10726/D1/attempt-1/maven.log,,Initial explicit-goal Symmaries pilot runner
RCM-04493,pilot-primary,D1,1,PASS,0,2026-08-08T21:25:14+00:00,2026-08-08T21:25:28+00:00,13.503,work/pilot/RCM-04493/D1/attempt-1/workspace,results/next-300-d1-runs/RCM-04493/D1/attempt-1/m2,.,benchmark-fallback,/home/lnk85/SymmariesProjectBits/symmaries-maven-evaluation/config/policies/empty-sources-and-sinks.xml,/home/lnk85/SymmariesProjectBits/symmaries-maven-evaluation/config/policies/empty-sources-and-sinks.xml,3f2d50ad2de30a80ce3fcf7a7fd8ef57f2aa30bdd621bc753d6165b0790b27fc,timeout 20m /home/lnk85/SymmariesProjectBits/symmaries-maven-evaluation/work/pilot/RCM-04493/D1/attempt-1/workspace/mvnw -B -ntp -s /home/lnk85/SymmariesProjectBits/symmaries-maven-evaluation/config/settings-pilot-host.xml -Dmaven.repo.local=/home/lnk85/SymmariesProjectBits/symmaries-maven-evaluation/results/next-300-d1-runs/RCM-04493/D1/attempt-1/m2 -Papache-release clean package -DskipTests -Dmaven.javadoc.skip -Dgpg.skip,none,false,false,true,,,,,,,results/next-300-d1-runs/RCM-04493/D1/attempt-1/maven.log,,Initial explicit-goal Symmaries pilot runner
RCM-10061,pilot-primary,D1,1,PASS,0,2026-08-08T21:25:32+00:00,2026-08-08T21:25:41+00:00,8.485,work/pilot/RCM-10061/D1/attempt-1/workspace,results/next-300-d1-runs/RCM-10061/D1/attempt-1/m2,.,benchmark-fallback,/home/lnk85/SymmariesProjectBits/symmaries-maven-evaluation/config/policies/empty-sources-and-sinks.xml,/home/lnk85/SymmariesProjectBits/symmaries-maven-evaluation/config/policies/empty-sources-and-sinks.xml,3f2d50ad2de30a80ce3fcf7a7fd8ef57f2aa30bdd621bc753d6165b0790b27fc,timeout 20m mvn -B -ntp -s /home/lnk85/SymmariesProjectBits/symmaries-maven-evaluation/config/settings-pilot-host.xml -Dmaven.repo.local=/home/lnk85/SymmariesProjectBits/symmaries-maven-evaluation/results/next-300-d1-runs/RCM-10061/D1/attempt-1/m2 clean package -DskipTests -Dmaven.javadoc.skip -Dgpg.skip,none,false,false,true,,,,,,,results/next-300-d1-runs/RCM-10061/D1/attempt-1/maven.log,,Initial explicit-goal Symmaries pilot runner
RCM-07714,pilot-primary,D1,1,PASS,0,2026-08-08T21:25:41+00:00,2026-08-08T21:25:55+00:00,13.919,work/pilot/RCM-07714/D1/attempt-1/workspace,results/next-300-d1-runs/RCM-07714/D1/attempt-1/m2,.,benchmark-fallback,/home/lnk85/SymmariesProjectBits/symmaries-maven-evaluation/config/policies/empty-sources-and-sinks.xml,/home/lnk85/SymmariesProjectBits/symmaries-maven-evaluation/config/policies/empty-sources-and-sinks.xml,3f2d50ad2de30a80ce3fcf7a7fd8ef57f2aa30bdd621bc753d6165b0790b27fc,timeout 20m mvn -B -ntp -s /home/lnk85/SymmariesProjectBits/symmaries-maven-evaluation/config/settings-pilot-host.xml -Dmaven.repo.local=/home/lnk85/SymmariesProjectBits/symmaries-maven-evaluation/results/next-300-d1-runs/RCM-07714/D1/attempt-1/m2 -Papache-release clean package -DskipTests -Dmaven.javadoc.skip -Dgpg.skip,none,false,false,true,,,,,,,results/next-300-d1-runs/RCM-07714/D1/attempt-1/maven.log,,Initial explicit-goal Symmaries pilot runner
RCM-07254,pilot-primary,D1,1,PASS,0,2026-08-08T21:27:54+00:00,2026-08-08T21:28:16+00:00,21.564,work/pilot/RCM-07254/D1/attempt-1/workspace,results/next-300-d1-runs/RCM-07254/D1/attempt-1/m2,.,benchmark-fallback,/home/lnk85/SymmariesProjectBits/symmaries-maven-evaluation/config/policies/empty-sources-and-sinks.xml,/home/lnk85/SymmariesProjectBits/symmaries-maven-evaluation/config/policies/empty-sources-and-sinks.xml,3f2d50ad2de30a80ce3fcf7a7fd8ef57f2aa30bdd621bc753d6165b0790b27fc,timeout 20m mvn -B -ntp -s /home/lnk85/SymmariesProjectBits/symmaries-maven-evaluation/config/settings-pilot-host.xml -Dmaven.repo.local=/home/lnk85/SymmariesProjectBits/symmaries-maven-evaluation/results/next-300-d1-runs/RCM-07254/D1/attempt-1/m2 -Papache-release clean package -DskipTests -Dmaven.javadoc.skip -Dgpg.skip,none,false,false,true,,,,,,,results/next-300-d1-runs/RCM-07254/D1/attempt-1/maven.log,,Initial explicit-goal Symmaries pilot runner
RCM-05634,pilot-primary,D1,1,PASS,0,2026-08-08T21:28:16+00:00,2026-08-08T21:28:28+00:00,12.337,work/pilot/RCM-05634/D1/attempt-1/workspace,results/next-300-d1-runs/RCM-05634/D1/attempt-1/m2,.,benchmark-fallback,/home/lnk85/SymmariesProjectBits/symmaries-maven-evaluation/config/policies/empty-sources-and-sinks.xml,/home/lnk85/SymmariesProjectBits/symmaries-maven-evaluation/config/policies/empty-sources-and-sinks.xml,3f2d50ad2de30a80ce3fcf7a7fd8ef57f2aa30bdd621bc753d6165b0790b27fc,timeout 20m /home/lnk85/SymmariesProjectBits/symmaries-maven-evaluation/work/pilot/RCM-05634/D1/attempt-1/workspace/mvnw -B -ntp -s /home/lnk85/SymmariesProjectBits/symmaries-maven-evaluation/config/settings-pilot-host.xml -Dmaven.repo.local=/home/lnk85/SymmariesProjectBits/symmaries-maven-evaluation/results/next-300-d1-runs/RCM-05634/D1/attempt-1/m2 -Pio.wcm clean package -DskipTests -Dmaven.javadoc.skip,none,false,false,true,,,,,,,results/next-300-d1-runs/RCM-05634/D1/attempt-1/maven.log,,Initial explicit-goal Symmaries pilot runner
RCM-01073,pilot-primary,D1,1,PASS,0,2026-08-08T21:28:28+00:00,2026-08-08T21:32:20+00:00,231.878,work/pilot/RCM-01073/D1/attempt-1/workspace,results/next-300-d1-runs/RCM-01073/D1/attempt-1/m2,.,benchmark-fallback,/home/lnk85/SymmariesProjectBits/symmaries-maven-evaluation/config/policies/empty-sources-and-sinks.xml,/home/lnk85/SymmariesProjectBits/symmaries-maven-evaluation/config/policies/empty-sources-and-sinks.xml,3f2d50ad2de30a80ce3fcf7a7fd8ef57f2aa30bdd621bc753d6165b0790b27fc,timeout 20m /home/lnk85/SymmariesProjectBits/symmaries-maven-evaluation/work/pilot/RCM-01073/D1/attempt-1/workspace/mvnw -B -ntp -s /home/lnk85/SymmariesProjectBits/symmaries-maven-evaluation/config/settings-pilot-host.xml -Dmaven.repo.local=/home/lnk85/SymmariesProjectBits/symmaries-maven-evaluation/results/next-300-d1-runs/RCM-01073/D1/attempt-1/m2 clean package -DskipTests -Dmaven.javadoc.skip -Dgpg.skip -Dlicense.skip,none,false,false,true,,,,,,,results/next-300-d1-runs/RCM-01073/D1/attempt-1/maven.log,,Initial explicit-goal Symmaries pilot runner
RCM-10418,pilot-primary,D1,1,PASS,0,2026-08-08T21:34:28+00:00,2026-08-08T21:34:39+00:00,10.177,work/pilot/RCM-10418/D1/attempt-1/workspace,results/next-300-d1-runs/RCM-10418/D1/attempt-1/m2,.,benchmark-fallback,/home/lnk85/SymmariesProjectBits/symmaries-maven-evaluation/config/policies/empty-sources-and-sinks.xml,/home/lnk85/SymmariesProjectBits/symmaries-maven-evaluation/config/policies/empty-sources-and-sinks.xml,3f2d50ad2de30a80ce3fcf7a7fd8ef57f2aa30bdd621bc753d6165b0790b27fc,timeout 20m mvn -B -ntp -s /home/lnk85/SymmariesProjectBits/symmaries-maven-evaluation/config/settings-pilot-host.xml -Dmaven.repo.local=/home/lnk85/SymmariesProjectBits/symmaries-maven-evaluation/results/next-300-d1-runs/RCM-10418/D1/attempt-1/m2 clean package -DskipTests -Dmaven.javadoc.skip -Dgpg.skip,none,false,false,true,,,,,,,results/next-300-d1-runs/RCM-10418/D1/attempt-1/maven.log,,Initial explicit-goal Symmaries pilot runner
RCM-06402,pilot-primary,D1,1,PASS,0,2026-08-08T21:37:00+00:00,2026-08-08T21:38:31+00:00,91.693,work/pilot/RCM-06402/D1/attempt-1/workspace,results/next-300-d1-runs/RCM-06402/D1/attempt-1/m2,.,benchmark-fallback,/home/lnk85/SymmariesProjectBits/symmaries-maven-evaluation/config/policies/empty-sources-and-sinks.xml,/home/lnk85/SymmariesProjectBits/symmaries-maven-evaluation/config/policies/empty-sources-and-sinks.xml,3f2d50ad2de30a80ce3fcf7a7fd8ef57f2aa30bdd621bc753d6165b0790b27fc,timeout 20m mvn -B -ntp -s /home/lnk85/SymmariesProjectBits/symmaries-maven-evaluation/config/settings-pilot-host.xml -Dmaven.repo.local=/home/lnk85/SymmariesProjectBits/symmaries-maven-evaluation/results/next-300-d1-runs/RCM-06402/D1/attempt-1/m2 -Papache-release clean package -DskipTests -Dmaven.javadoc.skip -Dgpg.skip,none,false,false,true,,,,,,,results/next-300-d1-runs/RCM-06402/D1/attempt-1/maven.log,,Initial explicit-goal Symmaries pilot runner
RCM-04656,pilot-primary,D1,1,PASS,0,2026-08-08T21:39:09+00:00,2026-08-08T21:39:18+00:00,9.287,work/pilot/RCM-04656/D1/attempt-1/workspace,results/next-300-d1-runs/RCM-04656/D1/attempt-1/m2,.,benchmark-fallback,/home/lnk85/SymmariesProjectBits/symmaries-maven-evaluation/config/policies/empty-sources-and-sinks.xml,/home/lnk85/SymmariesProjectBits/symmaries-maven-evaluation/config/policies/empty-sources-and-sinks.xml,3f2d50ad2de30a80ce3fcf7a7fd8ef57f2aa30bdd621bc753d6165b0790b27fc,timeout 20m /home/lnk85/SymmariesProjectBits/symmaries-maven-evaluation/work/pilot/RCM-04656/D1/attempt-1/workspace/mvnw -B -ntp -s /home/lnk85/SymmariesProjectBits/symmaries-maven-evaluation/config/settings-pilot-host.xml -Dmaven.repo.local=/home/lnk85/SymmariesProjectBits/symmaries-maven-evaluation/results/next-300-d1-runs/RCM-04656/D1/attempt-1/m2 -Pmaven-central clean package -DskipTests -Dmaven.javadoc.skip -Dgpg.skip,none,false,false,true,,,,,,,results/next-300-d1-runs/RCM-04656/D1/attempt-1/maven.log,,Initial explicit-goal Symmaries pilot runner
RCM-07351,pilot-primary,D1,1,PASS,0,2026-08-08T21:39:19+00:00,2026-08-08T21:39:30+00:00,10.994,work/pilot/RCM-07351/D1/attempt-1/workspace,results/next-300-d1-runs/RCM-07351/D1/attempt-1/m2,.,benchmark-fallback,/home/lnk85/SymmariesProjectBits/symmaries-maven-evaluation/config/policies/empty-sources-and-sinks.xml,/home/lnk85/SymmariesProjectBits/symmaries-maven-evaluation/config/policies/empty-sources-and-sinks.xml,3f2d50ad2de30a80ce3fcf7a7fd8ef57f2aa30bdd621bc753d6165b0790b27fc,timeout 20m mvn -B -ntp -s /home/lnk85/SymmariesProjectBits/symmaries-maven-evaluation/config/settings-pilot-host.xml -Dmaven.repo.local=/home/lnk85/SymmariesProjectBits/symmaries-maven-evaluation/results/next-300-d1-runs/RCM-07351/D1/attempt-1/m2 -Papache-release clean package -DskipTests -Dmaven.javadoc.skip -Dgpg.skip,none,false,false,true,,,,,,,results/next-300-d1-runs/RCM-07351/D1/attempt-1/maven.log,,Initial explicit-goal Symmaries pilot runner
RCM-01420,pilot-primary,D1,1,PASS,0,2026-08-08T21:45:52+00:00,2026-08-08T21:47:27+00:00,94.946,work/pilot/RCM-01420/D1/attempt-1/workspace,results/next-300-d1-runs/RCM-01420/D1/attempt-1/m2,.,benchmark-fallback,/home/lnk85/SymmariesProjectBits/symmaries-maven-evaluation/config/policies/empty-sources-and-sinks.xml,/home/lnk85/SymmariesProjectBits/symmaries-maven-evaluation/config/policies/empty-sources-and-sinks.xml,3f2d50ad2de30a80ce3fcf7a7fd8ef57f2aa30bdd621bc753d6165b0790b27fc,timeout 20m mvn -B -ntp -s /home/lnk85/SymmariesProjectBits/symmaries-maven-evaluation/config/settings-pilot-host.xml -Dmaven.repo.local=/home/lnk85/SymmariesProjectBits/symmaries-maven-evaluation/results/next-300-d1-runs/RCM-01420/D1/attempt-1/m2 clean package -Prelease -DskipTests -Dmaven.javadoc.skip -Dgpg.skip,none,false,false,true,,,,,,,results/next-300-d1-runs/RCM-01420/D1/attempt-1/maven.log,,Initial explicit-goal Symmaries pilot runner
RCM-07268,pilot-primary,D1,1,PASS,0,2026-08-08T21:47:52+00:00,2026-08-08T21:48:03+00:00,10.873,work/pilot/RCM-07268/D1/attempt-1/workspace,results/next-300-d1-runs/RCM-07268/D1/attempt-1/m2,.,benchmark-fallback,/home/lnk85/SymmariesProjectBits/symmaries-maven-evaluation/config/policies/empty-sources-and-sinks.xml,/home/lnk85/SymmariesProjectBits/symmaries-maven-evaluation/config/policies/empty-sources-and-sinks.xml,3f2d50ad2de30a80ce3fcf7a7fd8ef57f2aa30bdd621bc753d6165b0790b27fc,timeout 20m mvn -B -ntp -s /home/lnk85/SymmariesProjectBits/symmaries-maven-evaluation/config/settings-pilot-host.xml -Dmaven.repo.local=/home/lnk85/SymmariesProjectBits/symmaries-maven-evaluation/results/next-300-d1-runs/RCM-07268/D1/attempt-1/m2 -Papache-release clean package -DskipTests -Dmaven.javadoc.skip -Dgpg.skip,none,false,false,true,,,,,,,results/next-300-d1-runs/RCM-07268/D1/attempt-1/maven.log,,Initial explicit-goal Symmaries pilot runner
RCM-01434,pilot-primary,D1,1,PASS,0,2026-08-08T21:57:25+00:00,2026-08-08T21:57:46+00:00,20.352,work/pilot/RCM-01434/D1/attempt-1/workspace,results/next-300-d1-runs/RCM-01434/D1/attempt-1/m2,.,benchmark-fallback,/home/lnk85/SymmariesProjectBits/symmaries-maven-evaluation/config/policies/empty-sources-and-sinks.xml,/home/lnk85/SymmariesProjectBits/symmaries-maven-evaluation/config/policies/empty-sources-and-sinks.xml,3f2d50ad2de30a80ce3fcf7a7fd8ef57f2aa30bdd621bc753d6165b0790b27fc,timeout 20m mvn -B -ntp -s /home/lnk85/SymmariesProjectBits/symmaries-maven-evaluation/config/settings-pilot-host.xml -Dmaven.repo.local=/home/lnk85/SymmariesProjectBits/symmaries-maven-evaluation/results/next-300-d1-runs/RCM-01434/D1/attempt-1/m2 clean package -Prelease -DskipTests -Dmaven.javadoc.skip -Dgpg.skip,none,false,false,true,,,,,,,results/next-300-d1-runs/RCM-01434/D1/attempt-1/maven.log,,Initial explicit-goal Symmaries pilot runner
RCM-07516,pilot-primary,D1,1,PASS,0,2026-08-08T22:04:54+00:00,2026-08-08T22:05:02+00:00,8.09,work/pilot/RCM-07516/D1/attempt-1/workspace,results/next-300-d1-runs/RCM-07516/D1/attempt-1/m2,.,benchmark-fallback,/home/lnk85/SymmariesProjectBits/symmaries-maven-evaluation/config/policies/empty-sources-and-sinks.xml,/home/lnk85/SymmariesProjectBits/symmaries-maven-evaluation/config/policies/empty-sources-and-sinks.xml,3f2d50ad2de30a80ce3fcf7a7fd8ef57f2aa30bdd621bc753d6165b0790b27fc,timeout 20m mvn -B -ntp -s /home/lnk85/SymmariesProjectBits/symmaries-maven-evaluation/config/settings-pilot-host.xml -Dmaven.repo.local=/home/lnk85/SymmariesProjectBits/symmaries-maven-evaluation/results/next-300-d1-runs/RCM-07516/D1/attempt-1/m2 -Papache-release clean package -DskipTests -Dmaven.javadoc.skip -Dgpg.skip,none,false,false,true,,,,,,,results/next-300-d1-runs/RCM-07516/D1/attempt-1/maven.log,,Initial explicit-goal Symmaries pilot runner
RCM-10088,pilot-primary,D1,1,PASS,0,2026-08-08T22:05:56+00:00,2026-08-08T22:06:09+00:00,13.547,work/pilot/RCM-10088/D1/attempt-1/workspace,results/next-300-d1-runs/RCM-10088/D1/attempt-1/m2,.,benchmark-fallback,/home/lnk85/SymmariesProjectBits/symmaries-maven-evaluation/config/policies/empty-sources-and-sinks.xml,/home/lnk85/SymmariesProjectBits/symmaries-maven-evaluation/config/policies/empty-sources-and-sinks.xml,3f2d50ad2de30a80ce3fcf7a7fd8ef57f2aa30bdd621bc753d6165b0790b27fc,timeout 20m mvn -B -ntp -s /home/lnk85/SymmariesProjectBits/symmaries-maven-evaluation/config/settings-pilot-host.xml -Dmaven.repo.local=/home/lnk85/SymmariesProjectBits/symmaries-maven-evaluation/results/next-300-d1-runs/RCM-10088/D1/attempt-1/m2 clean package -DskipTests -Dmaven.javadoc.skip -Dgpg.skip,none,false,false,true,,,,,,,results/next-300-d1-runs/RCM-10088/D1/attempt-1/maven.log,,Initial explicit-goal Symmaries pilot runner
RCM-08095,pilot-primary,D1,1,PASS,0,2026-08-08T22:06:20+00:00,2026-08-08T22:06:36+00:00,15.96,work/pilot/RCM-08095/D1/attempt-1/workspace,results/next-300-d1-runs/RCM-08095/D1/attempt-1/m2,.,benchmark-fallback,/home/lnk85/SymmariesProjectBits/symmaries-maven-evaluation/config/policies/empty-sources-and-sinks.xml,/home/lnk85/SymmariesProjectBits/symmaries-maven-evaluation/config/policies/empty-sources-and-sinks.xml,3f2d50ad2de30a80ce3fcf7a7fd8ef57f2aa30bdd621bc753d6165b0790b27fc,timeout 20m mvn -B -ntp -s /home/lnk85/SymmariesProjectBits/symmaries-maven-evaluation/config/settings-pilot-host.xml -Dmaven.repo.local=/home/lnk85/SymmariesProjectBits/symmaries-maven-evaluation/results/next-300-d1-runs/RCM-08095/D1/attempt-1/m2 -Papache-release clean package -DskipTests -Dmaven.javadoc.skip -Dgpg.skip,none,false,false,true,,,,,,,results/next-300-d1-runs/RCM-08095/D1/attempt-1/maven.log,,Initial explicit-goal Symmaries pilot runner
RCM-10527,pilot-primary,D1,1,PASS,0,2026-08-08T22:08:22+00:00,2026-08-08T22:08:38+00:00,15.396,work/pilot/RCM-10527/D1/attempt-1/workspace,results/next-300-d1-runs/RCM-10527/D1/attempt-1/m2,.,benchmark-fallback,/home/lnk85/SymmariesProjectBits/symmaries-maven-evaluation/config/policies/empty-sources-and-sinks.xml,/home/lnk85/SymmariesProjectBits/symmaries-maven-evaluation/config/policies/empty-sources-and-sinks.xml,3f2d50ad2de30a80ce3fcf7a7fd8ef57f2aa30bdd621bc753d6165b0790b27fc,timeout 20m mvn -B -ntp -s /home/lnk85/SymmariesProjectBits/symmaries-maven-evaluation/config/settings-pilot-host.xml -Dmaven.repo.local=/home/lnk85/SymmariesProjectBits/symmaries-maven-evaluation/results/next-300-d1-runs/RCM-10527/D1/attempt-1/m2 clean package -Dmaven.test.skip -Dpgpverify.skip,none,false,false,true,,,,,,,results/next-300-d1-runs/RCM-10527/D1/attempt-1/maven.log,,Initial explicit-goal Symmaries pilot runner
RCM-02631,pilot-primary,D1,1,PASS,0,2026-08-08T22:40:38+00:00,2026-08-08T22:40:48+00:00,9.959,work/pilot/RCM-02631/D1/attempt-1/workspace,results/next-300-d1-runs/RCM-02631/D1/attempt-1/m2,.,benchmark-fallback,/home/lnk85/SymmariesProjectBits/symmaries-maven-evaluation/config/policies/empty-sources-and-sinks.xml,/home/lnk85/SymmariesProjectBits/symmaries-maven-evaluation/config/policies/empty-sources-and-sinks.xml,3f2d50ad2de30a80ce3fcf7a7fd8ef57f2aa30bdd621bc753d6165b0790b27fc,timeout 20m /home/lnk85/SymmariesProjectBits/symmaries-maven-evaluation/work/pilot/RCM-02631/D1/attempt-1/workspace/mvnw -B -ntp -s /home/lnk85/SymmariesProjectBits/symmaries-maven-evaluation/config/settings-pilot-host.xml -Dmaven.repo.local=/home/lnk85/SymmariesProjectBits/symmaries-maven-evaluation/results/next-300-d1-runs/RCM-02631/D1/attempt-1/m2 -Pmaveniverse-release clean package -DskipTests -Dmaven.javadoc.skip -Dgpg.skip -Denforcer.skip,none,false,false,true,,,,,,,results/next-300-d1-runs/RCM-02631/D1/attempt-1/maven.log,,Initial explicit-goal Symmaries pilot runner
RCM-07697,pilot-primary,D1,1,PASS,0,2026-08-08T22:41:33+00:00,2026-08-08T22:41:44+00:00,11.303,work/pilot/RCM-07697/D1/attempt-1/workspace,results/next-300-d1-runs/RCM-07697/D1/attempt-1/m2,.,benchmark-fallback,/home/lnk85/SymmariesProjectBits/symmaries-maven-evaluation/config/policies/empty-sources-and-sinks.xml,/home/lnk85/SymmariesProjectBits/symmaries-maven-evaluation/config/policies/empty-sources-and-sinks.xml,3f2d50ad2de30a80ce3fcf7a7fd8ef57f2aa30bdd621bc753d6165b0790b27fc,timeout 20m mvn -B -ntp -s /home/lnk85/SymmariesProjectBits/symmaries-maven-evaluation/config/settings-pilot-host.xml -Dmaven.repo.local=/home/lnk85/SymmariesProjectBits/symmaries-maven-evaluation/results/next-300-d1-runs/RCM-07697/D1/attempt-1/m2 -Papache-release clean package -DskipTests -Dmaven.javadoc.skip -Dgpg.skip,none,false,false,true,,,,,,,results/next-300-d1-runs/RCM-07697/D1/attempt-1/maven.log,,Initial explicit-goal Symmaries pilot runner
RCM-10355,pilot-primary,D1,1,PASS,0,2026-08-08T22:41:44+00:00,2026-08-08T22:42:45+00:00,61.038,work/pilot/RCM-10355/D1/attempt-1/workspace,results/next-300-d1-runs/RCM-10355/D1/attempt-1/m2,.,benchmark-fallback,/home/lnk85/SymmariesProjectBits/symmaries-maven-evaluation/config/policies/empty-sources-and-sinks.xml,/home/lnk85/SymmariesProjectBits/symmaries-maven-evaluation/config/policies/empty-sources-and-sinks.xml,3f2d50ad2de30a80ce3fcf7a7fd8ef57f2aa30bdd621bc753d6165b0790b27fc,timeout 20m mvn -B -ntp -s /home/lnk85/SymmariesProjectBits/symmaries-maven-evaluation/config/settings-pilot-host.xml -Dmaven.repo.local=/home/lnk85/SymmariesProjectBits/symmaries-maven-evaluation/results/next-300-d1-runs/RCM-10355/D1/attempt-1/m2 clean package -Prelease-profile -DskipTests -Dmaven.javadoc.skip -Dgpg.skip,none,false,false,true,,,,,,,results/next-300-d1-runs/RCM-10355/D1/attempt-1/maven.log,,Initial explicit-goal Symmaries pilot runner
RCM-00045,pilot-primary,D1,1,PASS,0,2026-08-08T22:45:09+00:00,2026-08-08T22:45:16+00:00,6.903,work/pilot/RCM-00045/D1/attempt-1/workspace,results/next-300-d1-runs/RCM-00045/D1/attempt-1/m2,.,benchmark-fallback,/home/lnk85/SymmariesProjectBits/symmaries-maven-evaluation/config/policies/empty-sources-and-sinks.xml,/home/lnk85/SymmariesProjectBits/symmaries-maven-evaluation/config/policies/empty-sources-and-sinks.xml,3f2d50ad2de30a80ce3fcf7a7fd8ef57f2aa30bdd621bc753d6165b0790b27fc,timeout 20m mvn -B -ntp -s /home/lnk85/SymmariesProjectBits/symmaries-maven-evaluation/config/settings-pilot-host.xml -Dmaven.repo.local=/home/lnk85/SymmariesProjectBits/symmaries-maven-evaluation/results/next-300-d1-runs/RCM-00045/D1/attempt-1/m2 -Papache-release clean package -DskipTests -Dmaven.javadoc.skip -Dgpg.skip,none,false,false,true,,,,,,,results/next-300-d1-runs/RCM-00045/D1/attempt-1/maven.log,,Initial explicit-goal Symmaries pilot runner
RCM-05876,pilot-primary,D1,1,PASS,0,2026-08-08T22:45:24+00:00,2026-08-08T22:45:32+00:00,7.44,work/pilot/RCM-05876/D1/attempt-1/workspace,results/next-300-d1-runs/RCM-05876/D1/attempt-1/m2,.,benchmark-fallback,/home/lnk85/SymmariesProjectBits/symmaries-maven-evaluation/config/policies/empty-sources-and-sinks.xml,/home/lnk85/SymmariesProjectBits/symmaries-maven-evaluation/config/policies/empty-sources-and-sinks.xml,3f2d50ad2de30a80ce3fcf7a7fd8ef57f2aa30bdd621bc753d6165b0790b27fc,timeout 20m mvn -B -ntp -s /home/lnk85/SymmariesProjectBits/symmaries-maven-evaluation/config/settings-pilot-host.xml -Dmaven.repo.local=/home/lnk85/SymmariesProjectBits/symmaries-maven-evaluation/results/next-300-d1-runs/RCM-05876/D1/attempt-1/m2 -Papache-release clean package -DskipTests -Dmaven.javadoc.skip -Dgpg.skip,none,false,false,true,,,,,,,results/next-300-d1-runs/RCM-05876/D1/attempt-1/maven.log,,Initial explicit-goal Symmaries pilot runner
RCM-07711,pilot-primary,D1,1,PASS,0,2026-08-08T22:46:10+00:00,2026-08-08T22:46:18+00:00,8.703,work/pilot/RCM-07711/D1/attempt-1/workspace,results/next-300-d1-runs/RCM-07711/D1/attempt-1/m2,.,benchmark-fallback,/home/lnk85/SymmariesProjectBits/symmaries-maven-evaluation/config/policies/empty-sources-and-sinks.xml,/home/lnk85/SymmariesProjectBits/symmaries-maven-evaluation/config/policies/empty-sources-and-sinks.xml,3f2d50ad2de30a80ce3fcf7a7fd8ef57f2aa30bdd621bc753d6165b0790b27fc,timeout 20m mvn -B -ntp -s /home/lnk85/SymmariesProjectBits/symmaries-maven-evaluation/config/settings-pilot-host.xml -Dmaven.repo.local=/home/lnk85/SymmariesProjectBits/symmaries-maven-evaluation/results/next-300-d1-runs/RCM-07711/D1/attempt-1/m2 -Papache-release clean package -DskipTests -Dmaven.javadoc.skip -Dgpg.skip,none,false,false,true,,,,,,,results/next-300-d1-runs/RCM-07711/D1/attempt-1/maven.log,,Initial explicit-goal Symmaries pilot runner
RCM-03010,pilot-primary,D1,1,PASS,0,2026-08-08T22:49:26+00:00,2026-08-08T22:49:56+00:00,29.471,work/pilot/RCM-03010/D1/attempt-1/workspace,results/next-300-d1-runs/RCM-03010/D1/attempt-1/m2,.,benchmark-fallback,/home/lnk85/SymmariesProjectBits/symmaries-maven-evaluation/config/policies/empty-sources-and-sinks.xml,/home/lnk85/SymmariesProjectBits/symmaries-maven-evaluation/config/policies/empty-sources-and-sinks.xml,3f2d50ad2de30a80ce3fcf7a7fd8ef57f2aa30bdd621bc753d6165b0790b27fc,timeout 20m /home/lnk85/SymmariesProjectBits/symmaries-maven-evaluation/work/pilot/RCM-03010/D1/attempt-1/workspace/mvnw -B -ntp -s /home/lnk85/SymmariesProjectBits/symmaries-maven-evaluation/config/settings-pilot-host.xml -Dmaven.repo.local=/home/lnk85/SymmariesProjectBits/symmaries-maven-evaluation/results/next-300-d1-runs/RCM-03010/D1/attempt-1/m2 -Pmaveniverse-release clean package -DskipTests -Dmaven.javadoc.skip -Dgpg.skip -Denforcer.skip,none,false,false,true,,,,,,,results/next-300-d1-runs/RCM-03010/D1/attempt-1/maven.log,,Initial explicit-goal Symmaries pilot runner
RCM-10460,pilot-primary,D1,1,PASS,0,2026-08-08T22:52:25+00:00,2026-08-08T22:52:33+00:00,8.056,work/pilot/RCM-10460/D1/attempt-1/workspace,results/next-300-d1-runs/RCM-10460/D1/attempt-1/m2,.,benchmark-fallback,/home/lnk85/SymmariesProjectBits/symmaries-maven-evaluation/config/policies/empty-sources-and-sinks.xml,/home/lnk85/SymmariesProjectBits/symmaries-maven-evaluation/config/policies/empty-sources-and-sinks.xml,3f2d50ad2de30a80ce3fcf7a7fd8ef57f2aa30bdd621bc753d6165b0790b27fc,timeout 20m mvn -B -ntp -s /home/lnk85/SymmariesProjectBits/symmaries-maven-evaluation/config/settings-pilot-host.xml -Dmaven.repo.local=/home/lnk85/SymmariesProjectBits/symmaries-maven-evaluation/results/next-300-d1-runs/RCM-10460/D1/attempt-1/m2 clean package -DskipTests -Dmaven.javadoc.skip -Dgpg.skip,none,false,false,true,,,,,,,results/next-300-d1-runs/RCM-10460/D1/attempt-1/maven.log,,Initial explicit-goal Symmaries pilot runner
RCM-06957,pilot-primary,D1,1,PASS,0,2026-08-08T22:52:33+00:00,2026-08-08T22:55:48+00:00,194.934,work/pilot/RCM-06957/D1/attempt-1/workspace,results/next-300-d1-runs/RCM-06957/D1/attempt-1/m2,.,benchmark-fallback,/home/lnk85/SymmariesProjectBits/symmaries-maven-evaluation/config/policies/empty-sources-and-sinks.xml,/home/lnk85/SymmariesProjectBits/symmaries-maven-evaluation/config/policies/empty-sources-and-sinks.xml,3f2d50ad2de30a80ce3fcf7a7fd8ef57f2aa30bdd621bc753d6165b0790b27fc,timeout 20m mvn -B -ntp -s /home/lnk85/SymmariesProjectBits/symmaries-maven-evaluation/config/settings-pilot-host.xml -Dmaven.repo.local=/home/lnk85/SymmariesProjectBits/symmaries-maven-evaluation/results/next-300-d1-runs/RCM-06957/D1/attempt-1/m2 -Papache-release clean package -DskipTests -Dmaven.javadoc.skip -Dgpg.skip,none,false,false,true,,,,,,,results/next-300-d1-runs/RCM-06957/D1/attempt-1/maven.log,,Initial explicit-goal Symmaries pilot runner
RCM-09229,pilot-primary,D1,1,PASS,0,2026-08-08T22:57:00+00:00,2026-08-08T22:57:11+00:00,10.859,work/pilot/RCM-09229/D1/attempt-1/workspace,results/next-300-d1-runs/RCM-09229/D1/attempt-1/m2,.,benchmark-fallback,/home/lnk85/SymmariesProjectBits/symmaries-maven-evaluation/config/policies/empty-sources-and-sinks.xml,/home/lnk85/SymmariesProjectBits/symmaries-maven-evaluation/config/policies/empty-sources-and-sinks.xml,3f2d50ad2de30a80ce3fcf7a7fd8ef57f2aa30bdd621bc753d6165b0790b27fc,timeout 20m /home/lnk85/SymmariesProjectBits/symmaries-maven-evaluation/work/pilot/RCM-09229/D1/attempt-1/workspace/mvnw -B -ntp -s /home/lnk85/SymmariesProjectBits/symmaries-maven-evaluation/config/settings-pilot-host.xml -Dmaven.repo.local=/home/lnk85/SymmariesProjectBits/symmaries-maven-evaluation/results/next-300-d1-runs/RCM-09229/D1/attempt-1/m2 -Prelease clean package -DskipTests -Dmaven.javadoc.skip -Dgpg.skip,none,false,false,true,,,,,,,results/next-300-d1-runs/RCM-09229/D1/attempt-1/maven.log,,Initial explicit-goal Symmaries pilot runner
RCM-10089,pilot-primary,D1,1,PASS,0,2026-08-08T22:57:26+00:00,2026-08-08T22:57:38+00:00,12.02,work/pilot/RCM-10089/D1/attempt-1/workspace,results/next-300-d1-runs/RCM-10089/D1/attempt-1/m2,.,benchmark-fallback,/home/lnk85/SymmariesProjectBits/symmaries-maven-evaluation/config/policies/empty-sources-and-sinks.xml,/home/lnk85/SymmariesProjectBits/symmaries-maven-evaluation/config/policies/empty-sources-and-sinks.xml,3f2d50ad2de30a80ce3fcf7a7fd8ef57f2aa30bdd621bc753d6165b0790b27fc,timeout 20m mvn -B -ntp -s /home/lnk85/SymmariesProjectBits/symmaries-maven-evaluation/config/settings-pilot-host.xml -Dmaven.repo.local=/home/lnk85/SymmariesProjectBits/symmaries-maven-evaluation/results/next-300-d1-runs/RCM-10089/D1/attempt-1/m2 clean package -DskipTests -Dmaven.javadoc.skip -Dgpg.skip,none,false,false,true,,,,,,,results/next-300-d1-runs/RCM-10089/D1/attempt-1/maven.log,,Initial explicit-goal Symmaries pilot runner
RCM-10724,pilot-primary,D1,1,PASS,0,2026-08-08T22:57:56+00:00,2026-08-08T22:58:04+00:00,8.167,work/pilot/RCM-10724/D1/attempt-1/workspace,results/next-300-d1-runs/RCM-10724/D1/attempt-1/m2,.,benchmark-fallback,/home/lnk85/SymmariesProjectBits/symmaries-maven-evaluation/config/policies/empty-sources-and-sinks.xml,/home/lnk85/SymmariesProjectBits/symmaries-maven-evaluation/config/policies/empty-sources-and-sinks.xml,3f2d50ad2de30a80ce3fcf7a7fd8ef57f2aa30bdd621bc753d6165b0790b27fc,timeout 20m mvn -B -ntp -s /home/lnk85/SymmariesProjectBits/symmaries-maven-evaluation/config/settings-pilot-host.xml -Dmaven.repo.local=/home/lnk85/SymmariesProjectBits/symmaries-maven-evaluation/results/next-300-d1-runs/RCM-10724/D1/attempt-1/m2 clean package -DskipTests -Dmaven.javadoc.skip -Dgpg.skip,none,false,false,true,,,,,,,results/next-300-d1-runs/RCM-10724/D1/attempt-1/maven.log,,Initial explicit-goal Symmaries pilot runner
RCM-10605,pilot-primary,D1,1,PASS,0,2026-08-08T22:59:16+00:00,2026-08-08T22:59:25+00:00,9.374,work/pilot/RCM-10605/D1/attempt-1/workspace,results/next-300-d1-runs/RCM-10605/D1/attempt-1/m2,.,benchmark-fallback,/home/lnk85/SymmariesProjectBits/symmaries-maven-evaluation/config/policies/empty-sources-and-sinks.xml,/home/lnk85/SymmariesProjectBits/symmaries-maven-evaluation/config/policies/empty-sources-and-sinks.xml,3f2d50ad2de30a80ce3fcf7a7fd8ef57f2aa30bdd621bc753d6165b0790b27fc,timeout 20m mvn -B -ntp -s /home/lnk85/SymmariesProjectBits/symmaries-maven-evaluation/config/settings-pilot-host.xml -Dmaven.repo.local=/home/lnk85/SymmariesProjectBits/symmaries-maven-evaluation/results/next-300-d1-runs/RCM-10605/D1/attempt-1/m2 clean package -DskipTests -Dmaven.javadoc.skip -Dgpg.skip,none,false,false,true,,,,,,,results/next-300-d1-runs/RCM-10605/D1/attempt-1/maven.log,,Initial explicit-goal Symmaries pilot runner
RCM-10140,pilot-primary,D1,1,PASS,0,2026-08-08T23:01:12+00:00,2026-08-08T23:03:09+00:00,117.248,work/pilot/RCM-10140/D1/attempt-1/workspace,results/next-300-d1-runs/RCM-10140/D1/attempt-1/m2,.,benchmark-fallback,/home/lnk85/SymmariesProjectBits/symmaries-maven-evaluation/config/policies/empty-sources-and-sinks.xml,/home/lnk85/SymmariesProjectBits/symmaries-maven-evaluation/config/policies/empty-sources-and-sinks.xml,3f2d50ad2de30a80ce3fcf7a7fd8ef57f2aa30bdd621bc753d6165b0790b27fc,timeout 20m /home/lnk85/SymmariesProjectBits/symmaries-maven-evaluation/work/pilot/RCM-10140/D1/attempt-1/workspace/mvnw -B -ntp -s /home/lnk85/SymmariesProjectBits/symmaries-maven-evaluation/config/settings-pilot-host.xml -Dmaven.repo.local=/home/lnk85/SymmariesProjectBits/symmaries-maven-evaluation/results/next-300-d1-runs/RCM-10140/D1/attempt-1/m2 -Prelease clean package -DskipTests -Dmaven.javadoc.skip -Dgpg.skip,none,false,false,true,,,,,,,results/next-300-d1-runs/RCM-10140/D1/attempt-1/maven.log,,Initial explicit-goal Symmaries pilot runner
RCM-10060,pilot-primary,D1,1,PASS,0,2026-08-08T23:03:09+00:00,2026-08-08T23:04:23+00:00,73.883,work/pilot/RCM-10060/D1/attempt-1/workspace,results/next-300-d1-runs/RCM-10060/D1/attempt-1/m2,.,benchmark-fallback,/home/lnk85/SymmariesProjectBits/symmaries-maven-evaluation/config/policies/empty-sources-and-sinks.xml,/home/lnk85/SymmariesProjectBits/symmaries-maven-evaluation/config/policies/empty-sources-and-sinks.xml,3f2d50ad2de30a80ce3fcf7a7fd8ef57f2aa30bdd621bc753d6165b0790b27fc,timeout 20m mvn -B -ntp -s /home/lnk85/SymmariesProjectBits/symmaries-maven-evaluation/config/settings-pilot-host.xml -Dmaven.repo.local=/home/lnk85/SymmariesProjectBits/symmaries-maven-evaluation/results/next-300-d1-runs/RCM-10060/D1/attempt-1/m2 clean package -DskipTests -Dmaven.javadoc.skip -Dgpg.skip -Dbuildinfo.ignore=,none,false,false,true,,,,,,,results/next-300-d1-runs/RCM-10060/D1/attempt-1/maven.log,,Initial explicit-goal Symmaries pilot runner
RCM-10787,pilot-primary,D1,1,PASS,0,2026-08-08T23:04:23+00:00,2026-08-08T23:04:30+00:00,7.173,work/pilot/RCM-10787/D1/attempt-1/workspace,results/next-300-d1-runs/RCM-10787/D1/attempt-1/m2,.,benchmark-fallback,/home/lnk85/SymmariesProjectBits/symmaries-maven-evaluation/config/policies/empty-sources-and-sinks.xml,/home/lnk85/SymmariesProjectBits/symmaries-maven-evaluation/config/policies/empty-sources-and-sinks.xml,3f2d50ad2de30a80ce3fcf7a7fd8ef57f2aa30bdd621bc753d6165b0790b27fc,timeout 20m mvn -B -ntp -s /home/lnk85/SymmariesProjectBits/symmaries-maven-evaluation/config/settings-pilot-host.xml -Dmaven.repo.local=/home/lnk85/SymmariesProjectBits/symmaries-maven-evaluation/results/next-300-d1-runs/RCM-10787/D1/attempt-1/m2 clean package -DskipTests -Dmaven.javadoc.skip -Dgpg.skip,none,false,false,true,,,,,,,results/next-300-d1-runs/RCM-10787/D1/attempt-1/maven.log,,Initial explicit-goal Symmaries pilot runner
RCM-07668,pilot-primary,D1,1,PASS,0,2026-08-08T23:04:56+00:00,2026-08-08T23:05:07+00:00,11.022,work/pilot/RCM-07668/D1/attempt-1/workspace,results/next-300-d1-runs/RCM-07668/D1/attempt-1/m2,.,benchmark-fallback,/home/lnk85/SymmariesProjectBits/symmaries-maven-evaluation/config/policies/empty-sources-and-sinks.xml,/home/lnk85/SymmariesProjectBits/symmaries-maven-evaluation/config/policies/empty-sources-and-sinks.xml,3f2d50ad2de30a80ce3fcf7a7fd8ef57f2aa30bdd621bc753d6165b0790b27fc,timeout 20m mvn -B -ntp -s /home/lnk85/SymmariesProjectBits/symmaries-maven-evaluation/config/settings-pilot-host.xml -Dmaven.repo.local=/home/lnk85/SymmariesProjectBits/symmaries-maven-evaluation/results/next-300-d1-runs/RCM-07668/D1/attempt-1/m2 -Papache-release clean package -DskipTests -Dmaven.javadoc.skip -Dgpg.skip,none,false,false,true,,,,,,,results/next-300-d1-runs/RCM-07668/D1/attempt-1/maven.log,,Initial explicit-goal Symmaries pilot runner
RCM-05727,pilot-primary,D1,1,PASS,0,2026-08-08T23:05:19+00:00,2026-08-08T23:05:27+00:00,7.863,work/pilot/RCM-05727/D1/attempt-1/workspace,results/next-300-d1-runs/RCM-05727/D1/attempt-1/m2,.,benchmark-fallback,/home/lnk85/SymmariesProjectBits/symmaries-maven-evaluation/config/policies/empty-sources-and-sinks.xml,/home/lnk85/SymmariesProjectBits/symmaries-maven-evaluation/config/policies/empty-sources-and-sinks.xml,3f2d50ad2de30a80ce3fcf7a7fd8ef57f2aa30bdd621bc753d6165b0790b27fc,timeout 20m mvn -B -ntp -s /home/lnk85/SymmariesProjectBits/symmaries-maven-evaluation/config/settings-pilot-host.xml -Dmaven.repo.local=/home/lnk85/SymmariesProjectBits/symmaries-maven-evaluation/results/next-300-d1-runs/RCM-05727/D1/attempt-1/m2 -Prelease clean package -DskipTests -Dmaven.javadoc.skip -Dgpg.skip -Dbuildinfo.detect.skip=false,none,false,false,true,,,,,,,results/next-300-d1-runs/RCM-05727/D1/attempt-1/maven.log,,Initial explicit-goal Symmaries pilot runner
RCM-02543,pilot-primary,D1,1,PASS,0,2026-08-08T23:05:46+00:00,2026-08-08T23:06:10+00:00,24.391,work/pilot/RCM-02543/D1/attempt-1/workspace,results/next-300-d1-runs/RCM-02543/D1/attempt-1/m2,.,benchmark-fallback,/home/lnk85/SymmariesProjectBits/symmaries-maven-evaluation/config/policies/empty-sources-and-sinks.xml,/home/lnk85/SymmariesProjectBits/symmaries-maven-evaluation/config/policies/empty-sources-and-sinks.xml,3f2d50ad2de30a80ce3fcf7a7fd8ef57f2aa30bdd621bc753d6165b0790b27fc,timeout 20m mvn -B -ntp -s /home/lnk85/SymmariesProjectBits/symmaries-maven-evaluation/config/settings-pilot-host.xml -Dmaven.repo.local=/home/lnk85/SymmariesProjectBits/symmaries-maven-evaluation/results/next-300-d1-runs/RCM-02543/D1/attempt-1/m2 -Pbase-deploy clean package -DskipTests -Dmaven.javadoc.skip -Dgpg.skip,none,false,false,true,,,,,,,results/next-300-d1-runs/RCM-02543/D1/attempt-1/maven.log,,Initial explicit-goal Symmaries pilot runner
RCM-07084,pilot-primary,D1,1,PASS,0,2026-08-08T23:06:44+00:00,2026-08-08T23:07:04+00:00,20.064,work/pilot/RCM-07084/D1/attempt-1/workspace,results/next-300-d1-runs/RCM-07084/D1/attempt-1/m2,.,benchmark-fallback,/home/lnk85/SymmariesProjectBits/symmaries-maven-evaluation/config/policies/empty-sources-and-sinks.xml,/home/lnk85/SymmariesProjectBits/symmaries-maven-evaluation/config/policies/empty-sources-and-sinks.xml,3f2d50ad2de30a80ce3fcf7a7fd8ef57f2aa30bdd621bc753d6165b0790b27fc,timeout 20m mvn -B -ntp -s /home/lnk85/SymmariesProjectBits/symmaries-maven-evaluation/config/settings-pilot-host.xml -Dmaven.repo.local=/home/lnk85/SymmariesProjectBits/symmaries-maven-evaluation/results/next-300-d1-runs/RCM-07084/D1/attempt-1/m2 -Papache-release clean package -DskipTests -Dmaven.javadoc.skip -Dgpg.skip,none,false,false,true,,,,,,,results/next-300-d1-runs/RCM-07084/D1/attempt-1/maven.log,,Initial explicit-goal Symmaries pilot runner
