candidate_id,module_path,artifact_selector,mapping_status,notes
RCM-01418,.,auto,PROVISIONAL_ROOT,Batch 2 root D1 validation
RCM-10210,.,auto,PROVISIONAL_ROOT,Batch 2 root D1 validation
RCM-09779,.,auto,PROVISIONAL_ROOT,Batch 2 root D1 validation
RCM-08717,.,auto,PROVISIONAL_ROOT,Batch 2 root D1 validation
RCM-10463,.,auto,PROVISIONAL_ROOT,Batch 2 root D1 validation
RCM-06886,.,auto,PROVISIONAL_ROOT,Batch 2 root D1 validation
RCM-08103,.,auto,PROVISIONAL_ROOT,Batch 2 root D1 validation
RCM-04970,.,auto,PROVISIONAL_ROOT,Batch 2 root D1 validation
RCM-05624,.,auto,PROVISIONAL_ROOT,Batch 2 root D1 validation
RCM-03669,.,auto,PROVISIONAL_ROOT,Batch 2 root D1 validation
RCM-08299,.,auto,PROVISIONAL_ROOT,Batch 2 root D1 validation
RCM-09226,.,auto,PROVISIONAL_ROOT,Batch 2 root D1 validation
RCM-10600,.,auto,PROVISIONAL_ROOT,Batch 2 root D1 validation
RCM-02126,.,auto,PROVISIONAL_ROOT,Batch 2 root D1 validation
RCM-06192,.,auto,PROVISIONAL_ROOT,Batch 2 root D1 validation
RCM-09292,.,auto,PROVISIONAL_ROOT,Batch 2 root D1 validation
RCM-01891,.,auto,PROVISIONAL_ROOT,Batch 2 root D1 validation
RCM-07766,.,auto,PROVISIONAL_ROOT,Batch 2 root D1 validation
RCM-10808,.,auto,PROVISIONAL_ROOT,Batch 2 root D1 validation
RCM-01646,.,auto,PROVISIONAL_ROOT,Batch 2 root D1 validation
RCM-10405,.,auto,PROVISIONAL_ROOT,Batch 2 root D1 validation
RCM-07209,.,auto,PROVISIONAL_ROOT,Batch 2 root D1 validation
RCM-06503,.,auto,PROVISIONAL_ROOT,Batch 2 root D1 validation
RCM-03475,.,auto,PROVISIONAL_ROOT,Batch 2 root D1 validation
RCM-06398,.,auto,PROVISIONAL_ROOT,Batch 2 root D1 validation
RCM-07474,.,auto,PROVISIONAL_ROOT,Batch 2 root D1 validation
RCM-08123,.,auto,PROVISIONAL_ROOT,Batch 2 root D1 validation
RCM-04726,.,auto,PROVISIONAL_ROOT,Batch 2 root D1 validation
RCM-02141,.,auto,PROVISIONAL_ROOT,Batch 2 root D1 validation
RCM-01441,.,auto,PROVISIONAL_ROOT,Batch 2 root D1 validation
RCM-01417,.,auto,PROVISIONAL_ROOT,Batch 2 root D1 validation
RCM-01719,.,auto,PROVISIONAL_ROOT,Batch 2 root D1 validation
RCM-07793,.,auto,PROVISIONAL_ROOT,Batch 2 root D1 validation
RCM-09313,.,auto,PROVISIONAL_ROOT,Batch 2 root D1 validation
RCM-00276,.,auto,PROVISIONAL_ROOT,Batch 2 root D1 validation
RCM-01916,.,auto,PROVISIONAL_ROOT,Batch 2 root D1 validation
RCM-02058,.,auto,PROVISIONAL_ROOT,Batch 2 root D1 validation
RCM-03970,.,auto,PROVISIONAL_ROOT,Batch 2 root D1 validation
RCM-08894,.,auto,PROVISIONAL_ROOT,Batch 2 root D1 validation
RCM-02516,.,auto,PROVISIONAL_ROOT,Batch 2 root D1 validation
RCM-07299,.,auto,PROVISIONAL_ROOT,Batch 2 root D1 validation
RCM-06313,.,auto,PROVISIONAL_ROOT,Batch 2 root D1 validation
RCM-03568,.,auto,PROVISIONAL_ROOT,Batch 2 root D1 validation
RCM-07804,.,auto,PROVISIONAL_ROOT,Batch 2 root D1 validation
RCM-06665,.,auto,PROVISIONAL_ROOT,Batch 2 root D1 validation
RCM-05630,.,auto,PROVISIONAL_ROOT,Batch 2 root D1 validation
RCM-01843,.,auto,PROVISIONAL_ROOT,Batch 2 root D1 validation
RCM-01738,.,auto,PROVISIONAL_ROOT,Batch 2 root D1 validation
RCM-06610,.,auto,PROVISIONAL_ROOT,Batch 2 root D1 validation
RCM-08512,.,auto,PROVISIONAL_ROOT,Batch 2 root D1 validation
RCM-08355,.,auto,PROVISIONAL_ROOT,Batch 2 root D1 validation
RCM-10251,.,auto,PROVISIONAL_ROOT,Batch 2 root D1 validation
RCM-08422,.,auto,PROVISIONAL_ROOT,Batch 2 root D1 validation
RCM-09024,.,auto,PROVISIONAL_ROOT,Batch 2 root D1 validation
RCM-02299,.,auto,PROVISIONAL_ROOT,Batch 2 root D1 validation
RCM-10732,.,auto,PROVISIONAL_ROOT,Batch 2 root D1 validation
RCM-07770,.,auto,PROVISIONAL_ROOT,Batch 2 root D1 validation
RCM-11073,.,auto,PROVISIONAL_ROOT,Batch 2 root D1 validation
RCM-08056,.,auto,PROVISIONAL_ROOT,Batch 2 root D1 validation
RCM-06985,.,auto,PROVISIONAL_ROOT,Batch 2 root D1 validation
RCM-06102,.,auto,PROVISIONAL_ROOT,Batch 2 root D1 validation
RCM-02748,.,auto,PROVISIONAL_ROOT,Batch 2 root D1 validation
RCM-09080,.,auto,PROVISIONAL_ROOT,Batch 2 root D1 validation
RCM-05726,.,auto,PROVISIONAL_ROOT,Batch 2 root D1 validation
RCM-10470,.,auto,PROVISIONAL_ROOT,Batch 2 root D1 validation
RCM-01265,.,auto,PROVISIONAL_ROOT,Batch 2 root D1 validation
RCM-10084,.,auto,PROVISIONAL_ROOT,Batch 2 root D1 validation
RCM-09019,.,auto,PROVISIONAL_ROOT,Batch 2 root D1 validation
RCM-04747,.,auto,PROVISIONAL_ROOT,Batch 2 root D1 validation
RCM-02865,.,auto,PROVISIONAL_ROOT,Batch 2 root D1 validation
RCM-07443,.,auto,PROVISIONAL_ROOT,Batch 2 root D1 validation
RCM-05641,.,auto,PROVISIONAL_ROOT,Batch 2 root D1 validation
RCM-02114,.,auto,PROVISIONAL_ROOT,Batch 2 root D1 validation
RCM-06140,.,auto,PROVISIONAL_ROOT,Batch 2 root D1 validation
RCM-02403,.,auto,PROVISIONAL_ROOT,Batch 2 root D1 validation
RCM-06830,.,auto,PROVISIONAL_ROOT,Batch 2 root D1 validation
RCM-00527,.,auto,PROVISIONAL_ROOT,Batch 2 root D1 validation
RCM-02079,.,auto,PROVISIONAL_ROOT,Batch 2 root D1 validation
RCM-02132,.,auto,PROVISIONAL_ROOT,Batch 2 root D1 validation
RCM-01894,.,auto,PROVISIONAL_ROOT,Batch 2 root D1 validation
RCM-06269,.,auto,PROVISIONAL_ROOT,Batch 2 root D1 validation
RCM-02659,.,auto,PROVISIONAL_ROOT,Batch 2 root D1 validation
RCM-01818,.,auto,PROVISIONAL_ROOT,Batch 2 root D1 validation
RCM-06908,.,auto,PROVISIONAL_ROOT,Batch 2 root D1 validation
RCM-08168,.,auto,PROVISIONAL_ROOT,Batch 2 root D1 validation
RCM-01700,.,auto,PROVISIONAL_ROOT,Batch 2 root D1 validation
RCM-01988,.,auto,PROVISIONAL_ROOT,Batch 2 root D1 validation
RCM-01432,.,auto,PROVISIONAL_ROOT,Batch 2 root D1 validation
RCM-08164,.,auto,PROVISIONAL_ROOT,Batch 2 root D1 validation
RCM-02353,.,auto,PROVISIONAL_ROOT,Batch 2 root D1 validation
RCM-08064,.,auto,PROVISIONAL_ROOT,Batch 2 root D1 validation
RCM-05906,.,auto,PROVISIONAL_ROOT,Batch 2 root D1 validation
RCM-08538,.,auto,PROVISIONAL_ROOT,Batch 2 root D1 validation
RCM-08261,.,auto,PROVISIONAL_ROOT,Batch 2 root D1 validation
RCM-02615,.,auto,PROVISIONAL_ROOT,Batch 2 root D1 validation
RCM-04810,.,auto,PROVISIONAL_ROOT,Batch 2 root D1 validation
RCM-08392,.,auto,PROVISIONAL_ROOT,Batch 2 root D1 validation
RCM-01853,.,auto,PROVISIONAL_ROOT,Batch 2 root D1 validation
RCM-09937,.,auto,PROVISIONAL_ROOT,Batch 2 root D1 validation
RCM-09702,.,auto,PROVISIONAL_ROOT,Batch 2 root D1 validation
RCM-01909,.,auto,PROVISIONAL_ROOT,Batch 2 root D1 validation
RCM-06961,.,auto,PROVISIONAL_ROOT,Batch 2 root D1 validation
RCM-04691,.,auto,PROVISIONAL_ROOT,Batch 2 root D1 validation
RCM-04414,.,auto,PROVISIONAL_ROOT,Batch 2 root D1 validation
RCM-01825,.,auto,PROVISIONAL_ROOT,Batch 2 root D1 validation
RCM-08651,.,auto,PROVISIONAL_ROOT,Batch 2 root D1 validation
RCM-09316,.,auto,PROVISIONAL_ROOT,Batch 2 root D1 validation
RCM-07923,.,auto,PROVISIONAL_ROOT,Batch 2 root D1 validation
RCM-06833,.,auto,PROVISIONAL_ROOT,Batch 2 root D1 validation
RCM-02523,.,auto,PROVISIONAL_ROOT,Batch 2 root D1 validation
RCM-07375,.,auto,PROVISIONAL_ROOT,Batch 2 root D1 validation
RCM-05889,.,auto,PROVISIONAL_ROOT,Batch 2 root D1 validation
RCM-03854,.,auto,PROVISIONAL_ROOT,Batch 2 root D1 validation
RCM-04667,.,auto,PROVISIONAL_ROOT,Batch 2 root D1 validation
RCM-07473,.,auto,PROVISIONAL_ROOT,Batch 2 root D1 validation
RCM-04485,.,auto,PROVISIONAL_ROOT,Batch 2 root D1 validation
RCM-08218,.,auto,PROVISIONAL_ROOT,Batch 2 root D1 validation
RCM-08830,.,auto,PROVISIONAL_ROOT,Batch 2 root D1 validation
RCM-10266,.,auto,PROVISIONAL_ROOT,Batch 2 root D1 validation
RCM-00023,.,auto,PROVISIONAL_ROOT,Batch 2 root D1 validation
RCM-08131,.,auto,PROVISIONAL_ROOT,Batch 2 root D1 validation
RCM-02539,.,auto,PROVISIONAL_ROOT,Batch 2 root D1 validation
RCM-10396,.,auto,PROVISIONAL_ROOT,Batch 2 root D1 validation
RCM-04658,.,auto,PROVISIONAL_ROOT,Batch 2 root D1 validation
RCM-05896,.,auto,PROVISIONAL_ROOT,Batch 2 root D1 validation
RCM-04146,.,auto,PROVISIONAL_ROOT,Batch 2 root D1 validation
RCM-08336,.,auto,PROVISIONAL_ROOT,Batch 2 root D1 validation
RCM-05931,.,auto,PROVISIONAL_ROOT,Batch 2 root D1 validation
RCM-01847,.,auto,PROVISIONAL_ROOT,Batch 2 root D1 validation
RCM-08870,.,auto,PROVISIONAL_ROOT,Batch 2 root D1 validation
RCM-08016,.,auto,PROVISIONAL_ROOT,Batch 2 root D1 validation
RCM-09604,.,auto,PROVISIONAL_ROOT,Batch 2 root D1 validation
RCM-06571,.,auto,PROVISIONAL_ROOT,Batch 2 root D1 validation
RCM-09724,.,auto,PROVISIONAL_ROOT,Batch 2 root D1 validation
RCM-08134,.,auto,PROVISIONAL_ROOT,Batch 2 root D1 validation
RCM-08036,.,auto,PROVISIONAL_ROOT,Batch 2 root D1 validation
RCM-05905,.,auto,PROVISIONAL_ROOT,Batch 2 root D1 validation
RCM-00879,.,auto,PROVISIONAL_ROOT,Batch 2 root D1 validation
RCM-10085,.,auto,PROVISIONAL_ROOT,Batch 2 root D1 validation
RCM-06690,.,auto,PROVISIONAL_ROOT,Batch 2 root D1 validation
RCM-04766,.,auto,PROVISIONAL_ROOT,Batch 2 root D1 validation
RCM-03904,.,auto,PROVISIONAL_ROOT,Batch 2 root D1 validation
RCM-02434,.,auto,PROVISIONAL_ROOT,Batch 2 root D1 validation
RCM-09185,.,auto,PROVISIONAL_ROOT,Batch 2 root D1 validation
RCM-08543,.,auto,PROVISIONAL_ROOT,Batch 2 root D1 validation
RCM-10456,.,auto,PROVISIONAL_ROOT,Batch 2 root D1 validation
RCM-01690,.,auto,PROVISIONAL_ROOT,Batch 2 root D1 validation
RCM-08887,.,auto,PROVISIONAL_ROOT,Batch 2 root D1 validation
RCM-01857,.,auto,PROVISIONAL_ROOT,Batch 2 root D1 validation
RCM-02086,.,auto,PROVISIONAL_ROOT,Batch 2 root D1 validation
RCM-07325,.,auto,PROVISIONAL_ROOT,Batch 2 root D1 validation
RCM-02877,.,auto,PROVISIONAL_ROOT,Batch 2 root D1 validation
RCM-05926,.,auto,PROVISIONAL_ROOT,Batch 2 root D1 validation
RCM-02324,.,auto,PROVISIONAL_ROOT,Batch 2 root D1 validation
RCM-05604,.,auto,PROVISIONAL_ROOT,Batch 2 root D1 validation
RCM-10468,.,auto,PROVISIONAL_ROOT,Batch 2 root D1 validation
RCM-09084,.,auto,PROVISIONAL_ROOT,Batch 2 root D1 validation
RCM-01442,.,auto,PROVISIONAL_ROOT,Batch 2 root D1 validation
RCM-06835,.,auto,PROVISIONAL_ROOT,Batch 2 root D1 validation
RCM-09971,.,auto,PROVISIONAL_ROOT,Batch 2 root D1 validation
RCM-07344,.,auto,PROVISIONAL_ROOT,Batch 2 root D1 validation
RCM-07716,.,auto,PROVISIONAL_ROOT,Batch 2 root D1 validation
RCM-08226,.,auto,PROVISIONAL_ROOT,Batch 2 root D1 validation
RCM-08357,.,auto,PROVISIONAL_ROOT,Batch 2 root D1 validation
RCM-07185,.,auto,PROVISIONAL_ROOT,Batch 2 root D1 validation
RCM-08943,.,auto,PROVISIONAL_ROOT,Batch 2 root D1 validation
RCM-10847,.,auto,PROVISIONAL_ROOT,Batch 2 root D1 validation
RCM-06517,.,auto,PROVISIONAL_ROOT,Batch 2 root D1 validation
RCM-01428,.,auto,PROVISIONAL_ROOT,Batch 2 root D1 validation
RCM-06803,.,auto,PROVISIONAL_ROOT,Batch 2 root D1 validation
RCM-02025,.,auto,PROVISIONAL_ROOT,Batch 2 root D1 validation
RCM-09717,.,auto,PROVISIONAL_ROOT,Batch 2 root D1 validation
RCM-02258,.,auto,PROVISIONAL_ROOT,Batch 2 root D1 validation
RCM-09596,.,auto,PROVISIONAL_ROOT,Batch 2 root D1 validation
RCM-08173,.,auto,PROVISIONAL_ROOT,Batch 2 root D1 validation
RCM-09579,.,auto,PROVISIONAL_ROOT,Batch 2 root D1 validation
RCM-06080,.,auto,PROVISIONAL_ROOT,Batch 2 root D1 validation
RCM-10874,.,auto,PROVISIONAL_ROOT,Batch 2 root D1 validation
RCM-08428,.,auto,PROVISIONAL_ROOT,Batch 2 root D1 validation
RCM-01256,.,auto,PROVISIONAL_ROOT,Batch 2 root D1 validation
RCM-08911,.,auto,PROVISIONAL_ROOT,Batch 2 root D1 validation
RCM-06648,.,auto,PROVISIONAL_ROOT,Batch 2 root D1 validation
RCM-08100,.,auto,PROVISIONAL_ROOT,Batch 2 root D1 validation
RCM-02154,.,auto,PROVISIONAL_ROOT,Batch 2 root D1 validation
RCM-08613,.,auto,PROVISIONAL_ROOT,Batch 2 root D1 validation
RCM-08777,.,auto,PROVISIONAL_ROOT,Batch 2 root D1 validation
RCM-09425,.,auto,PROVISIONAL_ROOT,Batch 2 root D1 validation
RCM-08025,.,auto,PROVISIONAL_ROOT,Batch 2 root D1 validation
RCM-07369,.,auto,PROVISIONAL_ROOT,Batch 2 root D1 validation
RCM-08876,.,auto,PROVISIONAL_ROOT,Batch 2 root D1 validation
RCM-08915,.,auto,PROVISIONAL_ROOT,Batch 2 root D1 validation
RCM-08957,.,auto,PROVISIONAL_ROOT,Batch 2 root D1 validation
RCM-01439,.,auto,PROVISIONAL_ROOT,Batch 2 root D1 validation
RCM-02411,.,auto,PROVISIONAL_ROOT,Batch 2 root D1 validation
RCM-06916,.,auto,PROVISIONAL_ROOT,Batch 2 root D1 validation
RCM-07930,.,auto,PROVISIONAL_ROOT,Batch 2 root D1 validation
RCM-05934,.,auto,PROVISIONAL_ROOT,Batch 2 root D1 validation
RCM-09120,.,auto,PROVISIONAL_ROOT,Batch 2 root D1 validation
RCM-09053,.,auto,PROVISIONAL_ROOT,Batch 2 root D1 validation
RCM-08525,.,auto,PROVISIONAL_ROOT,Batch 2 root D1 validation
RCM-08354,.,auto,PROVISIONAL_ROOT,Batch 2 root D1 validation
RCM-08174,.,auto,PROVISIONAL_ROOT,Batch 2 root D1 validation
RCM-00894,.,auto,PROVISIONAL_ROOT,Batch 2 root D1 validation
RCM-10771,.,auto,PROVISIONAL_ROOT,Batch 2 root D1 validation
RCM-07797,.,auto,PROVISIONAL_ROOT,Batch 2 root D1 validation
RCM-08902,.,auto,PROVISIONAL_ROOT,Batch 2 root D1 validation
RCM-10935,.,auto,PROVISIONAL_ROOT,Batch 2 root D1 validation
RCM-06547,.,auto,PROVISIONAL_ROOT,Batch 2 root D1 validation
RCM-02015,.,auto,PROVISIONAL_ROOT,Batch 2 root D1 validation
RCM-00551,.,auto,PROVISIONAL_ROOT,Batch 2 root D1 validation
RCM-06681,.,auto,PROVISIONAL_ROOT,Batch 2 root D1 validation
RCM-01854,.,auto,PROVISIONAL_ROOT,Batch 2 root D1 validation
RCM-02421,.,auto,PROVISIONAL_ROOT,Batch 2 root D1 validation
RCM-07088,.,auto,PROVISIONAL_ROOT,Batch 2 root D1 validation
RCM-01691,.,auto,PROVISIONAL_ROOT,Batch 2 root D1 validation
RCM-01435,.,auto,PROVISIONAL_ROOT,Batch 2 root D1 validation
RCM-08907,.,auto,PROVISIONAL_ROOT,Batch 2 root D1 validation
RCM-06562,.,auto,PROVISIONAL_ROOT,Batch 2 root D1 validation
RCM-05913,.,auto,PROVISIONAL_ROOT,Batch 2 root D1 validation
RCM-06507,.,auto,PROVISIONAL_ROOT,Batch 2 root D1 validation
RCM-02137,.,auto,PROVISIONAL_ROOT,Batch 2 root D1 validation
RCM-08162,.,auto,PROVISIONAL_ROOT,Batch 2 root D1 validation
RCM-01874,.,auto,PROVISIONAL_ROOT,Batch 2 root D1 validation
RCM-08482,.,auto,PROVISIONAL_ROOT,Batch 2 root D1 validation
RCM-01729,.,auto,PROVISIONAL_ROOT,Batch 2 root D1 validation
RCM-09445,.,auto,PROVISIONAL_ROOT,Batch 2 root D1 validation
RCM-09525,.,auto,PROVISIONAL_ROOT,Batch 2 root D1 validation
RCM-08864,.,auto,PROVISIONAL_ROOT,Batch 2 root D1 validation
RCM-08316,.,auto,PROVISIONAL_ROOT,Batch 2 root D1 validation
RCM-06464,.,auto,PROVISIONAL_ROOT,Batch 2 root D1 validation
RCM-08552,.,auto,PROVISIONAL_ROOT,Batch 2 root D1 validation
RCM-05655,.,auto,PROVISIONAL_ROOT,Batch 2 root D1 validation
RCM-01827,.,auto,PROVISIONAL_ROOT,Batch 2 root D1 validation
RCM-08180,.,auto,PROVISIONAL_ROOT,Batch 2 root D1 validation
RCM-07355,.,auto,PROVISIONAL_ROOT,Batch 2 root D1 validation
RCM-00811,.,auto,PROVISIONAL_ROOT,Batch 2 root D1 validation
RCM-04607,.,auto,PROVISIONAL_ROOT,Batch 2 root D1 validation
RCM-10391,.,auto,PROVISIONAL_ROOT,Batch 2 root D1 validation
RCM-08280,.,auto,PROVISIONAL_ROOT,Batch 2 root D1 validation
RCM-08614,.,auto,PROVISIONAL_ROOT,Batch 2 root D1 validation
RCM-06583,.,auto,PROVISIONAL_ROOT,Batch 2 root D1 validation
RCM-10590,.,auto,PROVISIONAL_ROOT,Batch 2 root D1 validation
RCM-05879,.,auto,PROVISIONAL_ROOT,Batch 2 root D1 validation
RCM-07282,.,auto,PROVISIONAL_ROOT,Batch 2 root D1 validation
RCM-06117,.,auto,PROVISIONAL_ROOT,Batch 2 root D1 validation
RCM-07321,.,auto,PROVISIONAL_ROOT,Batch 2 root D1 validation
RCM-10096,.,auto,PROVISIONAL_ROOT,Batch 2 root D1 validation
RCM-08445,.,auto,PROVISIONAL_ROOT,Batch 2 root D1 validation
RCM-01885,.,auto,PROVISIONAL_ROOT,Batch 2 root D1 validation
RCM-01733,.,auto,PROVISIONAL_ROOT,Batch 2 root D1 validation
RCM-03220,.,auto,PROVISIONAL_ROOT,Batch 2 root D1 validation
RCM-02023,.,auto,PROVISIONAL_ROOT,Batch 2 root D1 validation
RCM-02170,.,auto,PROVISIONAL_ROOT,Batch 2 root D1 validation
RCM-07431,.,auto,PROVISIONAL_ROOT,Batch 2 root D1 validation
RCM-01448,.,auto,PROVISIONAL_ROOT,Batch 2 root D1 validation
RCM-07232,.,auto,PROVISIONAL_ROOT,Batch 2 root D1 validation
RCM-02009,.,auto,PROVISIONAL_ROOT,Batch 2 root D1 validation
RCM-10398,.,auto,PROVISIONAL_ROOT,Batch 2 root D1 validation
RCM-08391,.,auto,PROVISIONAL_ROOT,Batch 2 root D1 validation
RCM-08796,.,auto,PROVISIONAL_ROOT,Batch 2 root D1 validation
RCM-08464,.,auto,PROVISIONAL_ROOT,Batch 2 root D1 validation
RCM-09994,.,auto,PROVISIONAL_ROOT,Batch 2 root D1 validation
RCM-07046,.,auto,PROVISIONAL_ROOT,Batch 2 root D1 validation
RCM-05307,.,auto,PROVISIONAL_ROOT,Batch 2 root D1 validation
RCM-10568,.,auto,PROVISIONAL_ROOT,Batch 2 root D1 validation
RCM-02094,.,auto,PROVISIONAL_ROOT,Batch 2 root D1 validation
RCM-06282,.,auto,PROVISIONAL_ROOT,Batch 2 root D1 validation
RCM-07662,.,auto,PROVISIONAL_ROOT,Batch 2 root D1 validation
RCM-07706,.,auto,PROVISIONAL_ROOT,Batch 2 root D1 validation
RCM-04094,.,auto,PROVISIONAL_ROOT,Batch 2 root D1 validation
RCM-01848,.,auto,PROVISIONAL_ROOT,Batch 2 root D1 validation
RCM-08304,.,auto,PROVISIONAL_ROOT,Batch 2 root D1 validation
RCM-09745,.,auto,PROVISIONAL_ROOT,Batch 2 root D1 validation
RCM-08901,.,auto,PROVISIONAL_ROOT,Batch 2 root D1 validation
RCM-07651,.,auto,PROVISIONAL_ROOT,Batch 2 root D1 validation
RCM-08430,.,auto,PROVISIONAL_ROOT,Batch 2 root D1 validation
RCM-02005,.,auto,PROVISIONAL_ROOT,Batch 2 root D1 validation
RCM-01185,.,auto,PROVISIONAL_ROOT,Batch 2 root D1 validation
RCM-04008,.,auto,PROVISIONAL_ROOT,Batch 2 root D1 validation
RCM-07783,.,auto,PROVISIONAL_ROOT,Batch 2 root D1 validation
RCM-07605,.,auto,PROVISIONAL_ROOT,Batch 2 root D1 validation
RCM-08182,.,auto,PROVISIONAL_ROOT,Batch 2 root D1 validation
RCM-02014,.,auto,PROVISIONAL_ROOT,Batch 2 root D1 validation
RCM-01012,.,auto,PROVISIONAL_ROOT,Batch 2 root D1 validation
RCM-09093,.,auto,PROVISIONAL_ROOT,Batch 2 root D1 validation
RCM-08848,.,auto,PROVISIONAL_ROOT,Batch 2 root D1 validation
RCM-10428,.,auto,PROVISIONAL_ROOT,Batch 2 root D1 validation
RCM-01736,.,auto,PROVISIONAL_ROOT,Batch 2 root D1 validation
RCM-09552,.,auto,PROVISIONAL_ROOT,Batch 2 root D1 validation
RCM-02571,.,auto,PROVISIONAL_ROOT,Batch 2 root D1 validation
RCM-07964,.,auto,PROVISIONAL_ROOT,Batch 2 root D1 validation
RCM-05730,.,auto,PROVISIONAL_ROOT,Batch 2 root D1 validation
RCM-07416,.,auto,PROVISIONAL_ROOT,Batch 2 root D1 validation
RCM-06376,.,auto,PROVISIONAL_ROOT,Batch 2 root D1 validation
RCM-04398,.,auto,PROVISIONAL_ROOT,Batch 2 root D1 validation
RCM-09457,.,auto,PROVISIONAL_ROOT,Batch 2 root D1 validation
RCM-08382,.,auto,PROVISIONAL_ROOT,Batch 2 root D1 validation
RCM-06853,.,auto,PROVISIONAL_ROOT,Batch 2 root D1 validation
RCM-08483,.,auto,PROVISIONAL_ROOT,Batch 2 root D1 validation
RCM-08685,.,auto,PROVISIONAL_ROOT,Batch 2 root D1 validation
