candidate_id,module_path,artifact_selector,mapping_status,notes
RCM-00029,.,main,D1_VERIFIED_JAR,reproducible-build-maven-plugin-0.17.0.jar
RCM-00045,logback-core-db,main,D1_VERIFIED_JAR,logback-core-db-1.2.11.1.jar
RCM-00141,mariaDB4j,main,D1_VERIFIED_JAR,mariaDB4j-3.3.1.jar
RCM-01073,.,main,D1_VERIFIED_JAR,directory-maven-plugin-1.1.2.jar
RCM-01281,.,main,D1_VERIFIED_JAR,packageurl-java-1.4.1.jar
RCM-01341,.,main,D1_VERIFIED_JAR,maven-turbo-builder-1.0.jar
RCM-01378,.,main,D1_VERIFIED_JAR,spotbugs-maven-plugin-4.7.3.3.jar
RCM-01420,cosmos-osgi-runtime,main,D1_VERIFIED_JAR,cosmos-osgi-runtime-0.5.0.jar
RCM-01434,.,main,D1_VERIFIED_JAR,eclipse-settings-maven-plugin-0.3.0.jar
RCM-02543,.,main,D1_VERIFIED_JAR,jwsacruncher-2.2.5.jar
RCM-02631,plugin3,main,D1_VERIFIED_JAR,checksum-plugin3-0.1.0.jar
RCM-02653,core,main,D1_VERIFIED_JAR,core-0.1.2.jar
RCM-02733,context,main,D1_VERIFIED_JAR,context-2.4.45.jar
RCM-03010,toolrunner,main,D1_VERIFIED_JAR,toolrunner-0.2.0.jar
RCM-04368,metrics-okhttp,main,D1_VERIFIED_JAR,metrics-okhttp-0.5.0-rc.1.jar
RCM-04493,.,main,D1_VERIFIED_JAR,unexepack-0.1.1.jar
RCM-04656,.,main,D1_VERIFIED_JAR,curator-kubernetes-ensemble-provider-0.3.1.jar
RCM-05001,.,main,D1_VERIFIED_JAR,micronaut-maven-plugin-3.4.0-RC1.jar
RCM-05634,.,main,D1_VERIFIED_JAR,nodejs-maven-plugin-3.0.6.jar
RCM-05727,.,main,D1_VERIFIED_JAR,clocky-0.4.16.jar
RCM-05876,.,main,D1_VERIFIED_JAR,bitcoin-commons-0.2.0.jar
RCM-06402,jax-rs.example,main,D1_VERIFIED_JAR,aries-jaxrs-whiteboard-example-connect.jar
RCM-06669,cxf-xjc-plugin,main,D1_VERIFIED_JAR,cxf-xjc-plugin-3.3.4.jar
RCM-06957,manual,main,D1_VERIFIED_JAR,manual-2.9.0.jar
RCM-07031,maven-archetype-plugin,main,D1_VERIFIED_JAR,maven-archetype-plugin-3.2.0.jar
RCM-07075,doxia-site-model,main,D1_VERIFIED_JAR,doxia-site-model-2.0.0-M8.jar
RCM-07084,enforcer-rules,main,D1_VERIFIED_JAR,enforcer-rules-3.6.0.jar
RCM-07196,.,main,D1_VERIFIED_JAR,maven-artifact-plugin-3.6.0.jar
RCM-07203,.,main,D1_VERIFIED_JAR,maven-assembly-plugin-3.6.0.jar
RCM-07217,.,main,D1_VERIFIED_JAR,maven-checkstyle-plugin-3.3.0.jar
RCM-07254,.,main,D1_VERIFIED_JAR,maven-dependency-plugin-3.7.1.jar
RCM-07268,.,main,D1_VERIFIED_JAR,maven-docck-plugin-1.2.jar
RCM-07273,.,main,D1_VERIFIED_JAR,maven-ejb-plugin-3.1.0.jar
RCM-07309,.,main,D1_VERIFIED_JAR,maven-invoker-plugin-3.6.0.jar
RCM-07348,.,main,D1_VERIFIED_JAR,maven-jlink-plugin-3.2.0.jar
RCM-07351,.,main,D1_VERIFIED_JAR,maven-patch-plugin-1.3.jar
RCM-07392,.,main,D1_VERIFIED_JAR,maven-rar-plugin-3.1.0.jar
RCM-07408,.,main,D1_VERIFIED_JAR,maven-remote-resources-plugin-3.3.0.jar
RCM-07502,maven-plugin-tools-generators,main,D1_VERIFIED_JAR,maven-plugin-tools-generators-3.6.4.jar
RCM-07516,.,main,D1_VERIFIED_JAR,maven-reporting-api-4.0.0-M1.jar
RCM-07533,.,main,D1_VERIFIED_JAR,maven-reporting-exec-2.0.0-M1.jar
RCM-07668,.,main,D1_VERIFIED_JAR,maven-common-artifact-filters-3.4.0.jar
RCM-07697,.,main,D1_VERIFIED_JAR,maven-invoker-3.3.0.jar
RCM-07711,.,main,D1_VERIFIED_JAR,maven-shared-resources-6.jar
RCM-07714,.,main,D1_VERIFIED_JAR,maven-shared-utils-3.4.2.jar
RCM-08095,.,main,D1_VERIFIED_JAR,htl-maven-plugin-2.0.4-1.4.0.jar
RCM-08097,.,main,D1_VERIFIED_JAR,jspc-maven-plugin-2.3.4.jar
RCM-08664,.,main,D1_VERIFIED_JAR,scriptingbundle-maven-plugin-0.4.0.jar
RCM-08673,.,main,D1_VERIFIED_JAR,slingfeature-maven-plugin-1.6.6.jar
RCM-08879,.,main,D1_VERIFIED_JAR,test.check-1.1.3.jar
RCM-09229,.,main,D1_VERIFIED_JAR,complate-spring-mvc-0.7.0.jar
RCM-09452,.,main,D1_VERIFIED_JAR,glassfishbuild-maven-plugin-4.1.0.jar
RCM-09997,.,main,D1_VERIFIED_JAR,jblake2-0.5.jar
RCM-10060,.,main,D1_VERIFIED_JAR,community-connectors-1.0.21.jar
RCM-10061,.,main,D1_VERIFIED_JAR,ipmi-java-1.2.01.jar
RCM-10075,.,main,D1_VERIFIED_JAR,printf4j-0.9.08.jar
RCM-10088,.,main,D1_VERIFIED_JAR,wmi-java-1.0.05.jar
RCM-10089,.,main,D1_VERIFIED_JAR,xflat-1.0.02.jar
RCM-10140,.,main,D1_VERIFIED_JAR,mybatis-dynamic-sql-1.5.0.jar
RCM-10228,.,main,D1_VERIFIED_JAR,mybatis-thymeleaf-1.0.4.jar
RCM-10355,core,main,D1_VERIFIED_JAR,dependency-check-core-7.4.4.jar
RCM-10400,.,main,D1_VERIFIED_JAR,ipmi-1.0.01.jar
RCM-10415,.,main,D1_VERIFIED_JAR,jflat-1.0.01.jar
RCM-10418,.,main,D1_VERIFIED_JAR,maven-skin-tools-1.2.00.jar
RCM-10446,.,main,D1_VERIFIED_JAR,sentry-maven-skin-6.6.01.jar
RCM-10460,.,main,D1_VERIFIED_JAR,printf4j-0.9.05.jar
RCM-10471,.,main,D1_VERIFIED_JAR,vcenter-1.0.00.jar
RCM-10481,.,main,D1_VERIFIED_JAR,wmi-1.0.02.jar
RCM-10527,.,main,D1_VERIFIED_JAR,sign-maven-plugin-1.0.1.jar
RCM-10565,.,main,D1_VERIFIED_JAR,nexus-format-archetype-1.0.74.jar
RCM-10605,.,main,D1_VERIFIED_JAR,bootstrap-5.2.2.jar
RCM-10638,.,main,D1_VERIFIED_JAR,flexmonster-2.9.35.jar
RCM-10720,.,main,D1_VERIFIED_JAR,highcharts-12.1.0.jar
RCM-10724,.,main,D1_VERIFIED_JAR,jquery-ui-1.14.1.jar
RCM-10726,.,main,D1_VERIFIED_JAR,jszip-3.10.1.jar
RCM-10727,.,main,D1_VERIFIED_JAR,openlayers-8.2.0.jar
RCM-10787,.,main,D1_VERIFIED_JAR,webjars-locator-lite-0.0.1.jar
RCM-10804,.,main,D1_VERIFIED_JAR,webjars-locator-0.50.jar
